number,date,animal,country_of_origin,import_value,handling_officer
101,07/05/2020,"Caiman, spectacled",Brazil,113.31,Dressel
102,25/02/2020,Red howler monkey,Indonesia,676.32,Crosby
103,02/06/2020,"Gorilla, western lowland",Indonesia,963.53,Myton
104,17/05/2020,Mexican boa,Czech Republic,852.48,Huff
105,28/04/2020,Harbor seal,Sri Lanka,512.88,Posner
106,25/06/2020,Common dolphin,Indonesia,797.97,Myton
107,08/02/2020,"Fox, crab-eating",Indonesia,110.52,Posner
108,17/02/2020,Rufous-collared sparrow,France,420.78,Posner
109,20/04/2020,"Mongoose, small indian",Russia,540.40,Tarbin
110,11/03/2020,"Fox, north american red",Russia,247.58,Posner
111,18/06/2020,"Roadrunner, greater",Ireland,556.43,Olden
112,27/04/2020,Ibex,Kazakhstan,667.06,Myton
113,22/01/2020,"Kookaburra, laughing",Albania,379.06,Logie
114,27/05/2020,Common eland,Sweden,116.94,Myton
115,01/06/2020,Desert kangaroo rat,New Caledonia,559.79,Spruce
116,11/03/2020,"White-eye, cape",China,346.20,Spruce
117,28/04/2020,"Gecko, barking",Czech Republic,110.68,Nodes
118,18/02/2020,White-lipped peccary,France,151.55,Spruce
119,08/04/2020,"Ibis, puna",France,931.18,Nodes
120,14/02/2020,White-nosed coatimundi,Greece,754.97,Tarbin
121,27/02/2020,"Frogmouth, tawny",Thailand,387.21,Logie
122,29/06/2020,Canada goose,Peru,314.48,Olden
123,19/06/2020,Yellow-necked spurfowl,Finland,297.71,Posner
124,06/02/2020,"Marmot, hoary",China,763.43,Spruce
125,22/03/2020,Western patch-nosed snake,Japan,750.90,Spruce
126,09/01/2020,"Kite, black",Malaysia,755.24,Tarbin
127,30/03/2020,Ornate rock dragon,Indonesia,707.50,Huff
128,17/05/2020,"Goose, canada",Brazil,969.31,Huff
129,07/04/2020,"Legaan, ground",Mexico,348.88,Huff
130,19/06/2020,Red-capped cardinal,Macedonia,875.75,Crosby
131,24/01/2020,"Tortoise, indian star",Cuba,490.77,Tarbin
132,28/02/2020,"Hen, sage",Albania,230.99,Nodes
133,31/03/2020,"Kite, black",United States,272.27,Posner
134,07/02/2020,"Oryx, beisa",Canada,583.88,Posner
135,03/02/2020,American buffalo,Argentina,736.45,Olden
136,19/01/2020,Crowned eagle,Ukraine,950.29,Nodes
137,16/06/2020,American badger,China,202.81,Logie
138,10/01/2020,European badger,Sri Lanka,637.38,Spruce
139,29/02/2020,Tawny eagle,Myanmar,455.34,Logie
140,12/03/2020,Richardson's ground squirrel,China,959.32,Dressel
141,07/01/2020,Huron,South Africa,605.11,Myton
142,05/01/2020,"Crane, wattled",Venezuela,488.08,Logie
143,03/01/2020,"Wallaroo, common",South Korea,491.93,Tarbin
144,01/02/2020,"Otter, north american river",Ireland,361.71,Logie
145,27/02/2020,Southern screamer,Argentina,577.88,Tarbin
146,09/04/2020,Dingo,Poland,244.84,Dressel
147,02/01/2020,"Macaque, japanese",China,626.53,Dressel
148,17/01/2020,Western lowland gorilla,China,384.18,Olden
149,13/02/2020,"Jackal, indian",Comoros,427.87,Crosby
150,21/04/2020,Australian sea lion,Gambia,976.34,Tarbin
151,17/06/2020,Red-billed hornbill,Costa Rica,143.80,Crosby
152,20/02/2020,Short-nosed bandicoot,Canada,934.25,Crosby
153,18/04/2020,"Raven, cape",Mexico,133.93,Huff
154,26/04/2020,"Bird, bare-faced go away",Guatemala,610.85,Logie
155,02/04/2020,North American beaver,Qatar,729.68,Huff
156,14/01/2020,Malabar squirrel,Philippines,950.31,Crosby
157,29/04/2020,Lesser double-collared sunbird,Ukraine,698.17,Huff
158,26/03/2020,Bushpig,Djibouti,305.63,Tarbin
159,31/05/2020,Swainson's francolin,Venezuela,677.35,Olden
160,15/03/2020,Desert spiny lizard,China,785.89,Crosby
161,01/01/2020,Blue and gold macaw,Sweden,666.37,Logie
162,22/04/2020,"Fox, grey",Ukraine,452.72,Tarbin
163,16/04/2020,"Phascogale, brush-tailed",France,112.02,Olden
164,17/05/2020,"Sloth, hoffman's",Serbia,901.64,Dressel
165,11/05/2020,Pronghorn,Syria,420.58,Posner
166,04/03/2020,Greater blue-eared starling,China,386.72,Myton
167,07/03/2020,Cape clawless otter,China,619.40,Olden
168,31/01/2020,"Anteater, australian spiny",Indonesia,707.07,Spruce
169,16/02/2020,"Skink, blue-tongued",Mexico,120.72,Crosby
170,11/03/2020,Cape raven,Canada,951.67,Logie
171,30/05/2020,"Hartebeest, coke's",China,948.45,Crosby
172,03/05/2020,Cape white-eye,Indonesia,704.71,Logie
173,02/02/2020,Bengal vulture,Brazil,702.49,Nodes
174,19/06/2020,Cereopsis goose,Thailand,627.08,Nodes
175,24/03/2020,Desert spiny lizard,Russia,590.08,Crosby
176,12/05/2020,Southern screamer,Mongolia,550.69,Crosby
177,12/06/2020,Field flicker,Japan,917.89,Dressel
178,21/05/2020,Ocelot,Honduras,715.60,Myton
179,17/06/2020,Eastern grey kangaroo,China,478.13,Olden
180,25/05/2020,Black swan,Croatia,378.37,Huff
181,17/04/2020,"Dog, bush",Malawi,553.02,Nodes
182,19/05/2020,"Fox, asian red",Sweden,755.00,Nodes
183,27/03/2020,"Magpie, black-backed",Norway,956.99,Crosby
184,20/03/2020,"Squirrel, thirteen-lined",Lithuania,348.39,Nodes
185,05/05/2020,Eurasian hoopoe,Finland,509.67,Crosby
186,11/02/2020,Pine snake (unidentified),Thailand,507.04,Crosby
187,21/05/2020,"Penguin, fairy",Dominican Republic,364.92,Tarbin
188,17/02/2020,Long-billed cockatoo,Uganda,447.69,Posner
189,01/05/2020,"Lemming, arctic",Portugal,308.74,Spruce
190,14/05/2020,Violet-eared waxbill,Thailand,392.77,Logie
191,04/06/2020,Blue-footed booby,China,278.42,Spruce
192,21/05/2020,Vervet monkey,China,812.66,Spruce
193,12/06/2020,African bush squirrel,Indonesia,142.43,Olden
194,17/02/2020,"Francolin, swainson's",Ukraine,647.21,Myton
195,08/04/2020,"Cardinal, red-capped",Luxembourg,679.70,Tarbin
196,07/05/2020,Arboral spiny rat,Indonesia,494.73,Nodes
197,04/05/2020,"Crane, wattled",Philippines,550.59,Huff
198,30/04/2020,Ocelot,Burkina Faso,754.15,Logie
199,08/03/2020,Little brown bat,Poland,965.97,Myton
200,24/01/2020,Frilled dragon,Finland,405.95,Dressel
201,28/05/2020,White-fronted bee-eater,North Korea,756.84,Crosby
202,17/06/2020,Mudskipper (unidentified),Philippines,376.06,Spruce
203,30/05/2020,Argalis,Brazil,379.63,Spruce
204,23/01/2020,"Robin, kalahari scrub",Sweden,663.89,Spruce
205,29/06/2020,Crab (unidentified),Brazil,490.94,Dressel
206,20/03/2020,"Wombat, common",Russia,312.65,Posner
207,18/02/2020,Green-backed heron,Portugal,544.91,Crosby
208,23/06/2020,Urial,Latvia,336.41,Dressel
209,02/01/2020,"Rattlesnake, eastern diamondback",Benin,708.33,Posner
210,21/03/2020,"Otter, canadian river",Poland,362.75,Logie
211,04/01/2020,Carpet python,Japan,584.04,Nodes
212,05/06/2020,Pig-tailed macaque,New Caledonia,582.57,Spruce
213,12/06/2020,"Tortoise, galapagos",Sweden,138.44,Nodes
214,02/01/2020,Striped hyena,Pakistan,274.99,Olden
215,31/05/2020,"Turkey, australian brush",Mexico,461.96,Myton
216,13/02/2020,"Armadillo, common long-nosed",Russia,583.28,Logie
217,12/06/2020,"Shrike, crimson-breasted",Russia,887.77,Spruce
218,13/05/2020,"Starling, cape",Kazakhstan,776.30,Posner
219,27/05/2020,Clark's nutcracker,Norway,562.89,Spruce
220,03/06/2020,"Marmot, hoary",China,839.12,Tarbin
221,10/06/2020,Lava gull,Sweden,955.66,Olden
222,02/04/2020,Tailless tenrec,China,687.53,Posner
223,12/04/2020,Southern ground hornbill,Ukraine,710.92,Nodes
224,02/04/2020,"Goat, mountain",Russia,797.94,Nodes
225,27/03/2020,African lynx,Australia,553.16,Posner
226,22/05/2020,"Crane, wattled",Japan,537.23,Logie
227,17/01/2020,Monitor lizard (unidentified),Israel,493.83,Olden
228,23/06/2020,"Boa, malagasy ground",Indonesia,631.88,Dressel
229,04/04/2020,Snake-necked turtle,Philippines,276.92,Dressel
230,09/02/2020,Wild water buffalo,Poland,432.13,Tarbin
231,17/03/2020,Paca,Luxembourg,540.18,Nodes
232,03/01/2020,Eurasian badger,China,116.18,Olden
233,05/03/2020,Long-crested hawk eagle,Sweden,584.53,Dressel
234,14/04/2020,Golden brush-tailed possum,Portugal,379.68,Tarbin
235,16/05/2020,Crested barbet,Germany,267.10,Posner
236,08/02/2020,Spur-winged goose,Philippines,564.23,Crosby
237,13/05/2020,"Brocket, red",Indonesia,653.67,Posner
238,20/03/2020,Grey fox,Sri Lanka,418.31,Spruce
239,26/03/2020,Downy woodpecker,Portugal,306.02,Posner
240,21/02/2020,"Lory, rainbow",France,301.42,Logie
241,30/05/2020,Wild turkey,China,339.44,Myton
242,15/04/2020,Zorilla,Iraq,602.13,Spruce
243,26/06/2020,Grey mouse lemur,Sweden,783.87,Tarbin
244,23/05/2020,Purple grenadier,Peru,314.60,Logie
245,13/06/2020,Puku,Canada,704.79,Tarbin
246,21/06/2020,Gray rhea,Greece,874.19,Tarbin
247,04/02/2020,"Trumpeter, dark-winged",Greece,952.54,Tarbin
248,18/03/2020,Arctic hare,Sweden,135.40,Crosby
249,28/03/2020,Mandras tree shrew,Guatemala,981.16,Dressel
250,08/02/2020,Radiated tortoise,China,360.42,Crosby
251,17/01/2020,Stick insect,Norway,187.76,Spruce
252,11/01/2020,African ground squirrel (unidentified),Poland,672.42,Spruce
253,05/06/2020,"Gull, dusky",Greece,558.52,Nodes
254,02/06/2020,"Boar, wild",China,373.52,Posner
255,26/02/2020,"Dove, white-winged",Russia,423.07,Crosby
256,09/04/2020,Chacma baboon,Indonesia,126.40,Spruce
257,23/06/2020,"Squirrel, thirteen-lined",Palestinian Territory,429.90,Posner
258,14/02/2020,"Stork, european",China,653.06,Myton
259,01/01/2020,"Glider, feathertail",Indonesia,100.54,Crosby
260,22/04/2020,Chestnut weaver,Guinea,781.60,Logie
261,21/03/2020,"Macaque, rhesus",Czech Republic,556.08,Logie
262,25/06/2020,"Pie, rufous tree",France,756.85,Crosby
263,12/01/2020,Yellow-throated sandgrouse,Indonesia,330.78,Posner
264,05/03/2020,"Darter, african",Poland,152.31,Tarbin
265,17/02/2020,Common goldeneye,Malaysia,917.73,Logie
266,23/01/2020,"Cockatoo, sulfur-crested",Kenya,162.77,Myton
267,16/04/2020,Tasmanian devil,China,398.68,Olden
268,03/01/2020,"Caiman, spectacled",China,891.16,Logie
269,09/06/2020,Columbian rainbow boa,Sweden,591.31,Huff
270,17/05/2020,Southern black-backed gull,Philippines,797.87,Tarbin
271,02/05/2020,European shelduck,China,197.20,Myton
272,04/02/2020,Yellow baboon,China,108.76,Nodes
273,01/05/2020,"Mynah, common",Tunisia,837.40,Logie
274,09/06/2020,"Armadillo, seven-banded",Afghanistan,159.25,Spruce
275,29/05/2020,Caracal,Poland,967.73,Logie
276,08/01/2020,Southern brown bandicoot,French Polynesia,890.08,Dressel
277,23/04/2020,Canadian river otter,China,119.53,Dressel
278,06/01/2020,"Jaeger, long-tailed",United States,555.84,Huff
279,24/05/2020,"Kangaroo, brush-tailed rat",Norway,406.78,Tarbin
280,12/05/2020,Galapagos penguin,Portugal,912.74,Myton
281,06/02/2020,Crested bunting,Indonesia,923.17,Spruce
282,18/01/2020,"Dragonfly, russian",Mexico,516.07,Huff
283,24/02/2020,Helmeted guinea fowl,Poland,491.14,Dressel
284,27/04/2020,"Zorro, common",Poland,221.29,Myton
285,22/02/2020,Red-winged blackbird,Japan,421.23,Myton
286,31/05/2020,"Francolin, coqui",Mexico,576.80,Tarbin
287,01/01/2020,Violet-crested turaco,Honduras,254.69,Myton
288,20/02/2020,"Pintail, bahama",Indonesia,316.68,Tarbin
289,13/06/2020,"Rhinoceros, white",Poland,364.08,Nodes
290,20/06/2020,"Booby, blue-faced",Philippines,395.58,Dressel
291,21/05/2020,Black-faced kangaroo,Latvia,666.16,Spruce
292,22/04/2020,White-lipped peccary,Philippines,264.74,Dressel
293,02/03/2020,"Owl, snowy",France,652.67,Olden
294,14/03/2020,Darwin ground finch (unidentified),United States,711.47,Huff
295,16/06/2020,Greater sage grouse,France,279.35,Spruce
296,22/02/2020,"Kangaroo, brush-tailed rat",Czech Republic,566.48,Huff
297,17/04/2020,"Turkey, australian brush",Mexico,530.98,Logie
298,19/06/2020,Common wombat,Philippines,926.66,Olden
299,14/04/2020,"Possum, pygmy",China,461.45,Dressel
300,12/06/2020,Lava gull,Portugal,761.12,Logie
301,18/02/2020,"Deer, black-tailed",Ukraine,208.07,Posner
302,09/03/2020,"Lizard, desert spiny",Indonesia,896.97,Huff
303,21/06/2020,"Otter, north american river",Australia,695.31,Posner
304,25/04/2020,"Cockatoo, sulfur-crested",Paraguay,351.24,Logie
305,02/06/2020,"Crane, brolga",Czech Republic,662.66,Crosby
306,18/04/2020,Black-faced kangaroo,China,698.07,Crosby
307,07/04/2020,Southern elephant seal,Afghanistan,758.09,Tarbin
308,02/04/2020,Cape clawless otter,China,927.15,Nodes
309,07/05/2020,Miner's cat,Indonesia,378.75,Huff
310,10/06/2020,"Squirrel, eurasian red",Poland,437.15,Logie
311,26/06/2020,"Squirrel, european red",Russia,257.62,Posner
312,03/01/2020,Hottentot teal,Syria,100.57,Posner
313,01/02/2020,"Eagle, pallas's fish",Thailand,432.94,Olden
314,06/03/2020,"Bison, american",Argentina,289.80,Dressel
315,29/06/2020,Great cormorant,China,216.70,Dressel
316,18/03/2020,Gray rhea,Indonesia,628.11,Olden
317,22/05/2020,"Lizard, frilled",United Kingdom,688.45,Olden
318,29/02/2020,Platypus,Colombia,557.62,Spruce
319,22/06/2020,Grison,Japan,183.57,Logie
320,17/03/2020,"Baboon, savanna",Chile,858.67,Olden
321,07/03/2020,"Anteater, giant",China,436.68,Myton
322,12/05/2020,"Albatross, galapagos",China,629.81,Dressel
323,23/06/2020,Woylie,United Kingdom,844.06,Logie
324,11/04/2020,"Spider, wolf",China,478.83,Spruce
325,08/06/2020,"Squirrel, golden-mantled ground",Colombia,471.48,Olden
326,08/06/2020,Spotted hyena,Indonesia,175.49,Dressel
327,12/01/2020,"Whale, baleen",Norway,346.11,Olden
328,20/03/2020,Blue catfish,Philippines,915.48,Olden
329,26/06/2020,"Pie, indian tree",Portugal,152.18,Huff
330,29/04/2020,Thirteen-lined squirrel,Japan,823.49,Huff
331,13/03/2020,"Cormorant, king",China,897.28,Dressel
332,02/03/2020,"Eagle, golden",China,480.36,Logie
333,27/02/2020,"Alligator, american",China,518.86,Logie
334,15/05/2020,African bush squirrel,Poland,427.73,Spruce
335,18/05/2020,"Wolf, mexican",Russia,615.10,Olden
336,22/03/2020,"Shrew, mandras tree",Indonesia,921.09,Olden
337,16/01/2020,"Barbet, black-collared",Slovenia,705.97,Dressel
338,11/06/2020,"Owl, white-browed",Ivory Coast,954.33,Posner
339,15/01/2020,Southern tamandua,France,866.26,Olden
340,09/03/2020,American marten,Sweden,541.48,Spruce
341,04/04/2020,"Flycatcher, tyrant",Japan,123.83,Olden
342,07/03/2020,"Magpie, black-backed",China,626.81,Huff
343,12/05/2020,"Heron, boat-billed",Indonesia,835.93,Posner
344,29/01/2020,"Leopard, indian",China,335.97,Tarbin
345,13/04/2020,American bighorn sheep,Brazil,614.69,Nodes
346,24/04/2020,"Tortoise, asian foreset",France,810.40,Posner
347,28/02/2020,"Hawk-eagle, crowned",China,557.77,Posner
348,24/03/2020,American buffalo,Indonesia,762.18,Logie
349,21/03/2020,Agama lizard (unidentified),Norway,670.88,Tarbin
350,16/02/2020,Snowy owl,Sweden,536.67,Posner
351,26/04/2020,"Starfish, crown of thorns",China,653.18,Huff
352,25/01/2020,Puna ibis,Venezuela,865.84,Myton
353,24/04/2020,Blue fox,Brazil,567.82,Olden
354,03/01/2020,"Heron, yellow-crowned night",Switzerland,152.78,Logie
355,08/04/2020,"Egret, cattle",Slovenia,668.90,Myton
356,01/02/2020,Gila monster,Kiribati,261.77,Myton
357,07/01/2020,Radiated tortoise,Poland,709.21,Huff
358,25/01/2020,"Blackbird, red-winged",China,701.17,Dressel
359,14/02/2020,Two-banded monitor,Democratic Republic of the Congo,577.84,Huff
360,18/01/2020,African skink,Vietnam,198.43,Myton
361,23/04/2020,Kongoni,Sweden,224.98,Crosby
362,29/06/2020,"Turkey, common",China,958.66,Tarbin
363,24/03/2020,Bee-eater (unidentified),Nigeria,671.08,Logie
364,19/05/2020,Brazilian otter,Mexico,518.85,Nodes
365,03/01/2020,"Camel, dromedary",China,749.53,Olden
366,23/06/2020,Dromedary camel,Madagascar,844.35,Tarbin
367,28/06/2020,"Otter, canadian river",Thailand,809.36,Nodes
368,31/01/2020,"Booby, masked",China,623.19,Logie
369,29/05/2020,Northern elephant seal,Brazil,688.77,Huff
370,16/04/2020,Northern phalarope,Brazil,554.88,Huff
371,03/02/2020,Frilled dragon,China,644.43,Crosby
372,22/05/2020,"Sheathbill, snowy",Ireland,509.89,Nodes
373,25/01/2020,"Robin, white-throated",Philippines,744.31,Olden
374,26/05/2020,"Owl, burrowing",Sweden,787.72,Tarbin
375,27/06/2020,"Lemur, ring-tailed",China,539.71,Tarbin
376,08/04/2020,Galapagos tortoise,Russia,694.86,Olden
377,27/04/2020,"Bleu, blue-breasted cordon",China,241.62,Huff
378,29/02/2020,"Dik, kirk's dik",Mauritius,516.50,Logie
379,09/01/2020,"Plover, blacksmith",Russia,317.23,Huff
380,28/03/2020,Greater sage grouse,Brazil,980.94,Huff
381,13/04/2020,Southern sea lion,Indonesia,899.74,Olden
382,27/04/2020,Yellow-brown sungazer,France,857.07,Tarbin
383,01/06/2020,Netted rock dragon,Mozambique,670.47,Tarbin
384,06/01/2020,Savanna fox,China,231.99,Huff
385,11/03/2020,"Zebra, common",Indonesia,424.05,Spruce
386,18/05/2020,"Langur, hanuman",Colombia,983.79,Huff
387,23/01/2020,"Eagle, long-crested hawk",Portugal,777.79,Dressel
388,18/06/2020,"Boa, malagasy ground",Brazil,327.35,Dressel
389,17/04/2020,"Colobus, black and white",Aland Islands,583.52,Olden
390,01/02/2020,Little grebe,Kyrgyzstan,565.02,Dressel
391,16/04/2020,"Macaw, scarlet",Panama,161.00,Spruce
392,09/06/2020,"Badger, eurasian",Indonesia,477.15,Spruce
393,06/05/2020,"Phascogale, brush-tailed",Russia,992.79,Nodes
394,11/04/2020,"Echidna, short-beaked",China,448.78,Tarbin
395,16/01/2020,White-mantled colobus,France,608.68,Dressel
396,25/06/2020,"Cockatoo, red-breasted",Portugal,338.01,Tarbin
397,27/05/2020,Indian jackal,Greece,361.08,Crosby
398,18/06/2020,"Genet, small-spotted",China,628.03,Myton
399,06/03/2020,"Hornbill, leadbeateri's ground",Sweden,536.57,Crosby
400,20/04/2020,"Macaque, bonnet",Czech Republic,458.77,Posner
401,17/04/2020,Tawny eagle,Denmark,431.40,Tarbin
402,02/06/2020,"Phascogale, red-tailed",China,807.47,Olden
403,23/03/2020,American crow,Hungary,439.51,Huff
404,21/05/2020,Galah,Haiti,897.63,Dressel
405,11/03/2020,"Macaw, scarlet",China,118.62,Crosby
406,03/01/2020,"Zorro, azara's",China,583.44,Logie
407,01/03/2020,Monitor lizard (unidentified),Russia,168.74,Posner
408,31/05/2020,Greater rhea,Syria,849.73,Olden
409,22/03/2020,Ringtail,Ukraine,814.88,Logie
410,04/04/2020,"Shelduck, european",Russia,225.86,Logie
411,29/06/2020,"Hawk, red-tailed",Spain,674.59,Posner
412,08/05/2020,"Tortoise, asian foreset",Russia,459.47,Olden
413,01/01/2020,Tayra,Philippines,293.17,Olden
414,10/01/2020,"Gull, lava",Canada,913.48,Crosby
415,12/04/2020,White-winged black tern,United States,416.98,Posner
416,06/02/2020,"Hedgehog, south african",Canada,531.85,Posner
417,04/05/2020,"Bear, american black",Russia,552.61,Logie
418,02/05/2020,"Wallaby, dama",Malawi,244.75,Spruce
419,02/01/2020,Genoveva,Tunisia,935.37,Huff
420,09/06/2020,Bohor reedbuck,Oman,332.14,Logie
421,13/05/2020,"Boa, malagasy ground",Russia,591.24,Tarbin
422,27/04/2020,"Mongoose, banded",Philippines,261.77,Olden
423,02/03/2020,"Hyena, striped",Philippines,254.96,Tarbin
424,09/01/2020,South African hedgehog,Poland,816.60,Olden
425,14/05/2020,Ocelot,South Africa,176.05,Huff
426,18/03/2020,Blue-footed booby,China,365.47,Huff
427,24/06/2020,"Francolin, coqui",Senegal,611.54,Huff
428,05/05/2020,Common seal,Nicaragua,557.76,Crosby
429,11/06/2020,"Kingfisher, white-throated",Indonesia,106.22,Dressel
430,06/04/2020,"Camel, dromedary",China,601.85,Olden
431,15/06/2020,Boat-billed heron,Russia,159.07,Nodes
432,25/06/2020,"Owl, australian masked",Haiti,918.09,Dressel
433,19/02/2020,Musk ox,China,115.88,Logie
434,30/05/2020,Canadian tiger swallowtail butterfly,Indonesia,800.79,Spruce
435,22/05/2020,"Eagle, bateleur",Russia,737.77,Spruce
436,31/05/2020,"Ibis, glossy",China,441.28,Myton
437,12/05/2020,"Goldeneye, common",China,593.51,Posner
438,07/06/2020,"Duck, mountain",Israel,863.61,Huff
439,22/01/2020,"Meerkat, red",Brazil,320.45,Myton
440,02/03/2020,King vulture,United States,878.21,Tarbin
441,05/06/2020,"Mongoose, yellow",North Korea,585.28,Spruce
442,27/01/2020,"Francolin, swainson's",Bulgaria,618.52,Myton
443,10/03/2020,"Lion, south american sea",Argentina,812.89,Huff
444,14/02/2020,Mallard,Sweden,797.21,Myton
445,17/04/2020,Common eland,Indonesia,146.40,Spruce
446,25/06/2020,Indian jackal,Botswana,309.35,Posner
447,13/01/2020,Chimpanzee,China,670.56,Spruce
448,25/02/2020,North American red fox,China,351.79,Myton
449,27/06/2020,"Lemur, brown",Indonesia,869.13,Spruce
450,15/02/2020,Frog (unidentified),Japan,881.61,Huff
451,24/05/2020,White-necked stork,Sweden,538.78,Olden
452,20/04/2020,Green heron,Indonesia,647.47,Spruce
453,04/03/2020,"Raccoon, crab-eating",Sweden,935.44,Olden
454,27/01/2020,African snake (unidentified),Cameroon,752.29,Posner
455,14/04/2020,Eastern white pelican,Sweden,113.32,Spruce
456,02/01/2020,"Jackal, golden",China,371.11,Tarbin
457,23/01/2020,"Snake, green vine",China,422.69,Olden
458,24/05/2020,White-necked raven,Ethiopia,215.27,Logie
459,04/03/2020,"Pintail, white-cheeked",China,695.74,Olden
460,23/06/2020,Western bearded dragon,Canada,364.25,Nodes
461,02/04/2020,"Spurfowl, yellow-necked",Indonesia,842.55,Tarbin
462,16/04/2020,Vicuna,Indonesia,288.47,Crosby
463,24/02/2020,"Eagle, golden",Thailand,246.95,Logie
464,31/03/2020,African pied wagtail,Portugal,867.33,Huff
465,14/05/2020,African wild dog,Pakistan,547.76,Olden
466,21/04/2020,Nine-banded armadillo,Albania,135.21,Myton
467,08/02/2020,Collared peccary,United States,600.23,Myton
468,23/03/2020,"Kangaroo, black-faced",Japan,711.72,Dressel
469,14/04/2020,Pied butcher bird,Portugal,110.58,Posner
470,10/05/2020,"Dog, african wild",Philippines,529.45,Tarbin
471,08/03/2020,Pied kingfisher,Indonesia,250.05,Olden
472,13/03/2020,African fish eagle,Tuvalu,617.23,Huff
473,14/06/2020,"Gorilla, western lowland",China,509.33,Myton
474,26/02/2020,Ostrich,Indonesia,733.25,Tarbin
475,04/01/2020,Black rhinoceros,Spain,144.46,Logie
476,22/03/2020,Blackbuck,Poland,320.04,Spruce
477,26/01/2020,African red-eyed bulbul,China,798.97,Nodes
478,17/03/2020,"Cardinal, black-throated",Russia,173.03,Posner
479,24/01/2020,"Grebe, little",Bosnia and Herzegovina,937.11,Nodes
480,21/05/2020,Common pheasant,Honduras,590.96,Tarbin
481,27/03/2020,Black swan,Colombia,332.30,Olden
482,20/02/2020,Frilled lizard,Kazakhstan,669.57,Tarbin
483,05/02/2020,"Albatross, waved",Ukraine,346.01,Myton
484,23/02/2020,Ibex,Brazil,724.43,Nodes
485,01/05/2020,Australian pelican,Russia,328.58,Nodes
486,26/05/2020,Plains zebra,Portugal,641.88,Tarbin
487,24/04/2020,Sockeye salmon,Haiti,776.53,Olden
488,15/03/2020,"Robin, kalahari scrub",Greece,403.20,Tarbin
489,25/06/2020,Egyptian goose,Poland,177.56,Tarbin
490,27/06/2020,Great white pelican,Venezuela,424.67,Posner
491,25/02/2020,"Lorikeet, scaly-breasted",Brazil,348.44,Logie
492,26/04/2020,King cormorant,Brazil,944.23,Dressel
493,30/05/2020,"Kookaburra, laughing",Albania,497.66,Nodes
494,18/01/2020,European shelduck,China,823.01,Tarbin
495,09/01/2020,"Snake, carpet",Indonesia,562.87,Tarbin
496,12/02/2020,"Vulture, white-headed",Philippines,778.22,Huff
497,26/04/2020,Common seal,Ireland,774.68,Spruce
498,09/06/2020,"Creeper, black-tailed tree",Peru,988.19,Dressel
499,05/03/2020,Pallas's fish eagle,Thailand,805.10,Posner
500,05/05/2020,"Dove, white-winged",United Kingdom,809.82,Logie
501,01/02/2020,"Lion, galapagos sea",Brazil,728.12,Crosby
502,06/03/2020,North American beaver,Sweden,389.57,Nodes
503,22/02/2020,Indian porcupine,Afghanistan,200.21,Spruce
504,18/03/2020,Yellow-necked spurfowl,Indonesia,510.73,Logie
505,20/02/2020,"Lion, southern sea",Sweden,310.27,Spruce
506,13/01/2020,"Bee-eater, nubian",Thailand,198.40,Tarbin
507,21/02/2020,Dama wallaby,China,199.08,Tarbin
508,29/02/2020,Asian water buffalo,Czech Republic,938.21,Tarbin
509,19/03/2020,Crested screamer,United States,438.89,Dressel
510,12/04/2020,Tawny frogmouth,United States,308.03,Spruce
511,19/04/2020,Grey-footed squirrel,Brazil,570.50,Posner
512,10/01/2020,Red hartebeest,France,456.86,Crosby
513,07/05/2020,"Cockatoo, red-breasted",Indonesia,548.55,Tarbin
514,22/02/2020,Sun gazer,China,935.29,Logie
515,04/05/2020,Long-tailed skua,Belarus,702.56,Dressel
516,28/05/2020,Levaillant's barbet,Philippines,641.22,Myton
517,17/01/2020,Field flicker,Indonesia,421.19,Logie
518,09/01/2020,"Waterbuck, common",Thailand,403.62,Spruce
519,03/04/2020,Nelson ground squirrel,Indonesia,719.55,Huff
520,26/03/2020,Brown and yellow marshbird,Netherlands,645.18,Myton
521,02/04/2020,"Lion, asian",Honduras,645.86,Dressel
522,20/03/2020,Australian sea lion,Colombia,283.77,Logie
523,30/04/2020,"Skink, blue-tongued",Portugal,505.11,Nodes
524,27/02/2020,Cape clawless otter,France,653.01,Olden
525,12/06/2020,"Macaque, rhesus",Colombia,567.32,Myton
526,12/01/2020,Hyrax,China,293.89,Dressel
527,16/06/2020,Swallow-tail gull,Brazil,486.24,Huff
528,05/04/2020,"Phalarope, red-necked",China,757.52,Crosby
529,03/05/2020,"Antelope, sable",Czech Republic,669.05,Myton
530,11/01/2020,"Cobra, cape",Switzerland,792.20,Logie
531,01/04/2020,"Monitor, water",Azerbaijan,316.48,Dressel
532,26/02/2020,Banded mongoose,Democratic Republic of the Congo,709.46,Myton
533,23/04/2020,Bengal vulture,Indonesia,545.24,Dressel
534,11/01/2020,House sparrow,Japan,638.47,Crosby
535,05/01/2020,"Toucan, white-throated",Indonesia,971.39,Olden
536,14/02/2020,Northern phalarope,France,705.58,Myton
537,17/02/2020,Southern tamandua,China,621.73,Crosby
538,21/03/2020,"Vulture, turkey",France,900.22,Dressel
539,07/03/2020,"Buffalo, african",China,347.69,Tarbin
540,08/01/2020,Scarlet macaw,Ireland,709.49,Huff
541,07/05/2020,Ring-tailed gecko,Sweden,915.25,Olden
542,27/06/2020,Water moccasin,Portugal,795.65,Myton
543,21/05/2020,Curve-billed thrasher,Norway,426.14,Huff
544,11/05/2020,Pied kingfisher,Colombia,987.80,Tarbin
545,19/02/2020,"Flamingo, lesser",Costa Rica,794.26,Dressel
546,20/02/2020,Sandhill crane,China,944.42,Logie
547,15/03/2020,"Francolin, coqui",Colombia,336.89,Olden
548,22/05/2020,African lynx,China,291.91,Dressel
549,05/01/2020,"Egret, great",Indonesia,414.85,Tarbin
550,30/04/2020,"Vulture, egyptian",Philippines,182.44,Olden
551,05/04/2020,"Gull, dusky",China,577.78,Logie
552,23/03/2020,"Thrasher, curve-billed",Afghanistan,388.43,Posner
553,12/04/2020,"Mongoose, eastern dwarf",Poland,485.25,Posner
554,05/06/2020,"Pigeon, wood",China,667.48,Huff
555,15/02/2020,"Squirrel, uinta ground",Indonesia,607.94,Posner
556,27/05/2020,"Deer, black-tailed",Indonesia,178.48,Spruce
557,10/06/2020,Dusky rattlesnake,Netherlands,576.73,Huff
558,22/03/2020,Desert tortoise,Yemen,166.74,Nodes
559,30/05/2020,Grison,China,314.87,Huff
560,04/03/2020,Paca,Ghana,463.57,Myton
561,02/04/2020,Yellow mongoose,Indonesia,442.00,Posner
562,02/02/2020,Yellow baboon,Indonesia,511.47,Dressel
563,04/04/2020,Chestnut weaver,Czech Republic,855.96,Nodes
564,18/03/2020,"Fox, cape",Vietnam,719.66,Nodes
565,13/03/2020,Eurasian badger,China,309.89,Crosby
566,04/03/2020,"Zebra, plains",China,925.28,Spruce
567,11/04/2020,Galapagos hawk,China,483.16,Spruce
568,20/06/2020,Indian jackal,Canada,391.47,Dressel
569,18/06/2020,"Macaw, scarlet",United States,731.20,Myton
570,02/04/2020,"Hornbill, leadbeateri's ground",China,452.01,Myton
571,17/01/2020,"Jackal, black-backed",China,998.19,Nodes
572,26/03/2020,Gray rhea,France,350.54,Posner
573,01/02/2020,"Colobus, black and white",Bulgaria,515.69,Posner
574,16/05/2020,"Rattlesnake, eastern diamondback",Venezuela,116.59,Posner
575,20/03/2020,Peregrine falcon,France,609.44,Tarbin
576,23/04/2020,Violet-crested turaco,Chile,265.70,Tarbin
577,20/02/2020,Snowy sheathbill,United Kingdom,170.70,Dressel
578,27/03/2020,Moose,Norway,786.90,Huff
579,16/02/2020,"Crab, sally lightfoot",Indonesia,726.87,Myton
580,13/01/2020,White-faced tree rat,Ethiopia,310.39,Tarbin
581,23/05/2020,Worm snake (unidentified),Indonesia,106.62,Posner
582,15/04/2020,"Hawk, ferruginous",Guinea-Bissau,937.64,Posner
583,02/05/2020,European spoonbill,China,895.05,Dressel
584,20/01/2020,Guanaco,China,106.14,Logie
585,28/03/2020,Cape cobra,Russia,584.03,Huff
586,25/03/2020,"Crane, sarus",Paraguay,510.24,Myton
587,20/03/2020,Sandhill crane,Ukraine,907.44,Spruce
588,08/06/2020,Eastern dwarf mongoose,Poland,865.32,Tarbin
589,03/06/2020,Feral rock pigeon,Greece,349.56,Huff
590,01/06/2020,Wild boar,Russia,958.90,Huff
591,15/01/2020,Common shelduck,Tanzania,703.54,Huff
592,04/01/2020,Asian red fox,China,978.76,Huff
593,25/03/2020,"Tenrec, tailless",Canada,796.65,Dressel
594,19/04/2020,Gecko (unidentified),France,117.75,Myton
595,06/02/2020,"Weaver, lesser masked",Indonesia,729.74,Olden
596,27/02/2020,"Macaw, blue and yellow",Russia,659.67,Dressel
597,24/03/2020,"Lion, south american sea",Colombia,858.69,Nodes
598,03/03/2020,Wolf spider,Indonesia,752.17,Myton
599,30/03/2020,"Weaver, sociable",China,283.13,Logie
600,12/02/2020,Snowy egret,Mexico,923.40,Olden
601,22/01/2020,"Monitor, white-throated",United States,571.34,Olden
602,29/06/2020,"Squirrel, malabar",Poland,675.67,Posner
603,10/06/2020,Blue wildebeest,Slovenia,623.10,Huff
604,26/02/2020,Mexican wolf,Portugal,336.64,Nodes
605,27/04/2020,Pallas's fish eagle,Serbia,693.22,Huff
606,28/03/2020,Blue peacock,Andorra,522.32,Tarbin
607,23/04/2020,"Gull, herring",China,469.05,Huff
608,25/05/2020,"Stork, black-necked",Brazil,396.73,Posner
609,20/04/2020,Dassie,Bulgaria,531.31,Logie
610,09/02/2020,Galapagos mockingbird,China,885.15,Olden
611,27/06/2020,"Gull, herring",China,247.26,Posner
612,19/05/2020,"Rhinoceros, square-lipped",Russia,275.90,Huff
613,23/06/2020,"Glider, sugar",Finland,753.05,Posner
614,31/05/2020,"Butterfly, canadian tiger swallowtail",Indonesia,261.30,Logie
615,01/01/2020,Red-knobbed coot,China,599.72,Huff
616,23/03/2020,Ground monitor (unidentified),Indonesia,566.87,Dressel
617,09/03/2020,"Hornbill, leadbeateri's ground",Guatemala,205.80,Tarbin
618,23/02/2020,"Ass, asiatic wild",Sudan,995.17,Posner
619,06/06/2020,"Phascogale, brush-tailed",Kazakhstan,245.03,Spruce
620,07/01/2020,"Kangaroo, black-faced",Russia,692.22,Olden
621,19/05/2020,Argalis,China,461.22,Logie
622,05/04/2020,White-fronted bee-eater,Canada,737.66,Dressel
623,06/05/2020,"Cat, ringtail",Czech Republic,242.02,Logie
624,09/05/2020,Wood pigeon,Indonesia,668.44,Dressel
625,23/04/2020,Olive baboon,Brazil,831.68,Dressel
626,08/03/2020,White-faced tree rat,Iran,693.93,Olden
627,02/05/2020,"Tinamou, elegant crested",China,383.91,Spruce
628,22/06/2020,"Waterbuck, common",China,240.03,Huff
629,09/01/2020,Jaguarundi,China,198.77,Huff
630,10/06/2020,"Gonolek, burchell's",Poland,170.59,Dressel
631,23/01/2020,Burrowing owl,China,345.82,Crosby
632,24/06/2020,Malleefowl,Indonesia,777.43,Huff
633,11/06/2020,Gemsbok,North Korea,915.30,Posner
634,30/01/2020,Galapagos tortoise,Ukraine,757.74,Dressel
635,19/05/2020,Red-billed hornbill,Dominican Republic,200.10,Tarbin
636,04/02/2020,"Sparrow, rufous-collared",Russia,604.64,Spruce
637,16/04/2020,"Stork, woolly-necked",China,941.38,Crosby
638,11/01/2020,King cormorant,Poland,303.66,Dressel
639,09/03/2020,Australian spiny anteater,Colombia,106.59,Myton
640,08/05/2020,Dark-winged trumpeter,Portugal,799.67,Olden
641,19/06/2020,"Cormorant, little",Russia,903.42,Crosby
642,20/01/2020,"Snake, western patch-nosed",France,988.73,Huff
643,21/03/2020,Bateleur eagle,Brazil,234.10,Dressel
644,24/04/2020,Galapagos penguin,New Zealand,674.15,Tarbin
645,17/06/2020,"Lemming, arctic",Luxembourg,664.47,Olden
646,23/05/2020,"Bustard, denham's",Bolivia,515.38,Huff
647,08/03/2020,Black and white colobus,Vietnam,604.67,Spruce
648,31/03/2020,Smith's bush squirrel,Indonesia,602.73,Myton
649,03/06/2020,Masked booby,Japan,842.55,Myton
650,08/06/2020,"Goldeneye, barrows",Syria,919.34,Tarbin
651,29/03/2020,Sportive lemur,Russia,677.41,Nodes
652,10/01/2020,"Falcon, prairie",China,290.41,Logie
653,16/03/2020,"Stork, white-necked",Albania,702.84,Dressel
654,10/06/2020,"Macaque, pig-tailed",Philippines,149.00,Huff
655,28/05/2020,Black-cheeked waxbill,Sweden,255.08,Tarbin
656,26/02/2020,"Grebe, little",Bulgaria,313.37,Posner
657,03/06/2020,"Stork, black-necked",Oman,983.83,Logie
658,02/02/2020,"Cormorant, pied",Czech Republic,722.86,Posner
659,11/02/2020,"Cardinal, black-throated",Indonesia,894.18,Myton
660,16/05/2020,"Lizard, desert spiny",China,270.39,Logie
661,11/05/2020,Malachite kingfisher,China,648.19,Dressel
662,03/06/2020,"Jacana, african",France,292.12,Tarbin
663,09/03/2020,"Wallaby, whip-tailed",Brazil,633.22,Nodes
664,28/01/2020,"Pelican, brown",Russia,904.08,Posner
665,20/05/2020,"Marmot, yellow-bellied",Ukraine,898.48,Crosby
666,20/05/2020,"Lemur, ring-tailed",Philippines,133.83,Myton
667,03/01/2020,Red brocket,Ukraine,970.18,Myton
668,01/04/2020,Cormorant (unidentified),China,898.89,Tarbin
669,24/06/2020,"Coot, red-knobbed",Brazil,936.79,Myton
670,04/02/2020,Small-clawed otter,Ukraine,881.89,Crosby
671,29/01/2020,Savannah deer (unidentified),Afghanistan,257.40,Olden
672,14/06/2020,Hoffman's sloth,Moldova,687.83,Olden
673,02/02/2020,"Bulbul, black-fronted",Guatemala,473.38,Olden
674,06/02/2020,Red-necked wallaby,Philippines,997.16,Posner
675,16/03/2020,"Coot, red-knobbed",Nigeria,348.32,Crosby
676,26/03/2020,"Racer, blue",Indonesia,205.78,Nodes
677,15/06/2020,California sea lion,Ivory Coast,176.17,Spruce
678,05/03/2020,Griffon vulture,Brazil,472.91,Olden
679,01/04/2020,"Partridge, coqui",Sweden,886.69,Logie
680,09/01/2020,"Tarantula, salmon pink bird eater",France,484.21,Logie
681,28/03/2020,White-winged dove,Portugal,392.45,Posner
682,26/06/2020,"Anteater, australian spiny",United States,608.69,Nodes
683,12/06/2020,Gecko (unidentified),Mali,839.07,Dressel
684,13/03/2020,"Bandicoot, long-nosed",China,446.72,Olden
685,15/01/2020,"Pintail, white-cheeked",United States,515.19,Nodes
686,21/03/2020,Eastern box turtle,Philippines,899.28,Nodes
687,11/04/2020,"Goose, cereopsis",Malaysia,868.33,Crosby
688,23/05/2020,Common mynah,China,486.34,Olden
689,07/03/2020,"Butterfly, tropical buckeye",China,224.31,Spruce
690,26/02/2020,Giant otter,Russia,659.05,Spruce
691,16/04/2020,"Owl, madagascar hawk",China,729.62,Posner
692,09/03/2020,Western pygmy possum,China,755.77,Dressel
693,17/02/2020,Black-tailed prairie dog,Greece,148.90,Posner
694,22/04/2020,Common waterbuck,Poland,124.91,Olden
695,01/04/2020,"Raven, cape",China,650.59,Olden
696,31/05/2020,"Lion, galapagos sea",China,929.79,Crosby
697,20/06/2020,Red-winged blackbird,Poland,643.42,Crosby
698,17/04/2020,"Heron, grey",Croatia,557.54,Tarbin
699,06/03/2020,White stork,China,112.48,Dressel
700,28/02/2020,Chital,Indonesia,131.45,Tarbin
701,31/01/2020,"Salmon, sockeye",Philippines,300.27,Spruce
702,08/03/2020,"Corella, long-billed",China,640.63,Tarbin
703,07/02/2020,Hippopotamus,Indonesia,541.92,Myton
704,30/03/2020,Brown brocket,China,265.45,Tarbin
705,17/01/2020,Greater kudu,Portugal,285.86,Crosby
706,01/04/2020,Marabou stork,Sri Lanka,410.27,Spruce
707,08/03/2020,Sugar glider,Japan,757.04,Dressel
708,19/04/2020,"Baboon, gelada",Poland,188.66,Myton
709,10/05/2020,"Plover, three-banded",Chad,651.01,Olden
710,19/02/2020,Eagle owl (unidentified),Serbia,505.98,Myton
711,04/02/2020,"Crocodile, nile",Ukraine,296.64,Olden
712,26/04/2020,White-nosed coatimundi,Sweden,656.69,Huff
713,20/01/2020,Salmon pink bird eater tarantula,Latvia,585.74,Tarbin
714,25/04/2020,"Phalarope, grey",France,515.90,Dressel
715,24/05/2020,"Hyena, spotted",Malawi,862.45,Crosby
716,30/03/2020,"Skink, blue-tongued",Indonesia,630.04,Posner
717,11/04/2020,Red brocket,Indonesia,598.88,Huff
718,29/04/2020,"Crab, sally lightfoot",Philippines,937.21,Spruce
719,26/06/2020,"Sunbird, lesser double-collared",Ukraine,428.59,Huff
720,07/05/2020,Cottonmouth,China,684.92,Logie
721,31/03/2020,Eastern dwarf mongoose,China,603.81,Logie
722,03/02/2020,"Zorro, azara's",China,409.47,Myton
723,24/05/2020,Pale-throated three-toed sloth,China,486.77,Crosby
724,06/06/2020,Pygmy possum,Pakistan,748.24,Tarbin
725,31/05/2020,"Zorro, common",Nigeria,943.33,Posner
726,18/02/2020,Black rhinoceros,Russia,613.19,Posner
727,04/04/2020,Spotted-tailed quoll,Canada,230.51,Tarbin
728,13/05/2020,"Possum, common brushtail",Brazil,934.46,Myton
729,16/05/2020,Clark's nutcracker,Portugal,375.07,Myton
730,08/06/2020,Wood pigeon,Sweden,970.54,Crosby
731,14/01/2020,"Macaw, blue and gold",Moldova,122.35,Myton
732,30/03/2020,"Snake, carpet",Indonesia,817.80,Tarbin
733,29/06/2020,Asian elephant,Russia,673.83,Olden
734,26/03/2020,"Skua, long-tailed",Brazil,707.55,Posner
735,01/04/2020,"Crane, blue",Argentina,855.37,Crosby
736,08/04/2020,"Sloth, two-toed",Iran,723.07,Nodes
737,28/01/2020,Madagascar hawk owl,China,993.72,Nodes
738,10/05/2020,"Gazer, sun",Greece,975.25,Huff
739,04/05/2020,Eastern indigo snake,Nicaragua,936.43,Myton
740,20/02/2020,"Waterbuck, common",China,766.82,Posner
741,28/02/2020,North American beaver,Portugal,311.18,Nodes
742,18/06/2020,White-browed sparrow weaver,Jordan,399.37,Huff
743,22/03/2020,"Dragon, komodo",Nigeria,525.64,Tarbin
744,27/04/2020,Blacksmith plover,Canada,302.72,Crosby
745,11/02/2020,Carpet python,Vietnam,270.66,Tarbin
746,04/06/2020,Ovenbird,Indonesia,440.98,Logie
747,08/02/2020,Marabou stork,Brazil,367.74,Logie
748,29/02/2020,"Eagle, long-crested hawk",Canada,635.68,Myton
749,16/03/2020,Springbuck,Portugal,479.85,Spruce
750,19/02/2020,Collared lemming,Sweden,889.72,Olden
751,12/02/2020,Madagascar hawk owl,Czech Republic,280.24,Posner
752,10/03/2020,Bennett's wallaby,Russia,583.15,Nodes
753,24/01/2020,Sportive lemur,Ukraine,154.72,Posner
754,03/02/2020,"Francolin, coqui",Ireland,800.95,Myton
755,09/04/2020,"Crake, african black",France,589.70,Spruce
756,09/05/2020,"Cobra, cape",Malaysia,932.74,Posner
757,23/05/2020,Eleven-banded armadillo (unidentified),China,343.96,Olden
758,05/06/2020,Kongoni,Haiti,732.62,Tarbin
759,06/06/2020,"Vulture, bengal",Syria,969.33,Myton
760,10/05/2020,Bent-toed gecko,Russia,154.37,Nodes
761,19/04/2020,Black rhinoceros,Kyrgyzstan,955.27,Crosby
762,16/03/2020,"Cat, jungle",Indonesia,751.73,Logie
763,07/01/2020,Dark-winged trumpeter,Brazil,854.37,Huff
764,04/01/2020,"Owl, burrowing",Pakistan,558.28,Myton
765,24/06/2020,"Baboon, olive",Ecuador,253.25,Logie
766,23/01/2020,"Flamingo, lesser",Sweden,930.27,Nodes
767,13/01/2020,"Wombat, southern hairy-nosed",Zambia,352.04,Nodes
768,25/03/2020,Genoveva,Mexico,823.17,Dressel
769,03/03/2020,Asian red fox,China,706.81,Spruce
770,07/01/2020,Giant anteater,Poland,923.19,Nodes
771,09/01/2020,Chameleon (unidentified),Russia,818.41,Dressel
772,08/03/2020,Dabchick,China,706.38,Posner
773,20/04/2020,Cougar,Philippines,157.23,Posner
774,17/03/2020,Pig-tailed macaque,Canada,304.43,Nodes
775,30/01/2020,Thirteen-lined squirrel,Russia,213.43,Huff
776,05/02/2020,"Elk, Wapiti",China,938.15,Posner
777,14/05/2020,Galapagos tortoise,Vietnam,724.95,Myton
778,10/01/2020,"Egret, great",China,222.72,Posner
779,10/03/2020,"Glider, sugar",China,977.46,Crosby
780,19/04/2020,"Kangaroo, western grey",Indonesia,720.46,Olden
781,18/04/2020,Red-billed buffalo weaver,Philippines,463.30,Posner
782,10/06/2020,"Tortoise, indian star",Colombia,816.53,Posner
783,25/01/2020,"Zebra, plains",Philippines,199.88,Nodes
784,23/02/2020,"Heron, gray",Sweden,137.67,Spruce
785,18/04/2020,Australian sea lion,North Korea,264.31,Spruce
786,04/05/2020,Gulls (unidentified),Indonesia,206.02,Myton
787,14/02/2020,"Armadillo, giant",Philippines,581.15,Myton
788,24/04/2020,Violet-crested turaco,Colombia,701.48,Tarbin
789,28/04/2020,Little brown bat,Vietnam,166.83,Huff
790,30/03/2020,Yellow-throated sandgrouse,Myanmar,901.41,Crosby
791,27/02/2020,"Toucan, white-throated",Ethiopia,432.73,Huff
792,26/03/2020,American alligator,Italy,151.13,Tarbin
793,24/01/2020,Smith's bush squirrel,Brazil,790.18,Crosby
794,07/03/2020,"Sheep, red",Ukraine,373.60,Nodes
795,07/03/2020,"Trumpeter, dark-winged",Indonesia,480.79,Posner
796,01/06/2020,Desert kangaroo rat,Ukraine,730.05,Tarbin
797,09/01/2020,Magellanic penguin,China,990.34,Posner
798,09/02/2020,"Lion, galapagos sea",Indonesia,267.48,Dressel
799,09/06/2020,Red-tailed wambenger,China,886.39,Nodes
800,19/06/2020,Sidewinder,Greece,992.44,Logie
801,06/04/2020,Eastern indigo snake,Colombia,334.64,Tarbin
802,24/04/2020,"Pigeon, feral rock",Nigeria,434.92,Olden
803,09/03/2020,"Heron, green-backed",China,916.90,Tarbin
804,17/01/2020,"Kangaroo, black-faced",Ukraine,787.69,Tarbin
805,06/05/2020,Jungle cat,Indonesia,481.28,Olden
806,08/05/2020,"Cockatoo, red-breasted",Czech Republic,281.04,Logie
807,26/03/2020,King vulture,Czech Republic,176.95,Dressel
808,02/04/2020,"Tarantula, salmon pink bird eater",Indonesia,557.18,Nodes
809,09/03/2020,"Skunk, western spotted",China,467.03,Olden
810,27/02/2020,"Hartebeest, coke's",Germany,435.45,Huff
811,20/05/2020,Snake-necked turtle,Argentina,341.97,Dressel
812,06/02/2020,Ovenbird,Japan,944.96,Tarbin
813,20/02/2020,"Lechwe, kafue flats",China,945.53,Nodes
814,07/04/2020,"Salmon, sockeye",Philippines,491.75,Crosby
815,09/02/2020,"Tortoise, indian star",Malaysia,806.73,Huff
816,15/05/2020,"Tortoise, radiated",Indonesia,710.89,Logie
817,18/04/2020,Serval,Indonesia,216.96,Olden
818,16/03/2020,Frilled lizard,Portugal,174.95,Spruce
819,10/06/2020,"Kangaroo, jungle",United States,695.10,Huff
820,17/04/2020,"Albatross, galapagos",Greece,306.75,Logie
821,02/05/2020,Barrows goldeneye,Russia,964.94,Huff
822,24/02/2020,Caribou,Peru,527.01,Myton
823,04/01/2020,"Mongoose, eastern dwarf",Brazil,679.04,Olden
824,25/05/2020,Eastern indigo snake,Armenia,386.07,Crosby
825,10/01/2020,Bushpig,Indonesia,342.34,Nodes
826,11/03/2020,Red-necked phalarope,Indonesia,496.11,Spruce
827,30/05/2020,"Dragon, netted rock",United States,738.07,Dressel
828,24/04/2020,"Fox, north american red",Uganda,598.74,Olden
829,06/01/2020,"Gecko, bent-toed",Ukraine,683.72,Nodes
830,03/03/2020,"Cardinal, black-throated",Czech Republic,823.00,Huff
831,04/02/2020,"Tenrec, tailless",Netherlands,416.63,Huff
832,14/05/2020,African wild dog,Mongolia,711.17,Nodes
833,14/06/2020,"Heron, green-backed",Mexico,133.41,Tarbin
834,22/06/2020,American bison,Philippines,669.29,Dressel
835,08/05/2020,Jaguar,Zambia,725.00,Tarbin
836,28/04/2020,"Kangaroo, western grey",China,501.99,Nodes
837,23/01/2020,"Flicker, campo",Philippines,151.09,Logie
838,19/05/2020,"Squirrel, red",Portugal,866.61,Nodes
839,05/02/2020,"Rattlesnake, horned",Colombia,771.69,Tarbin
840,04/02/2020,"Caracara, yellow-headed",France,923.81,Spruce
841,06/06/2020,"Squirrel, palm",Russia,256.34,Dressel
842,20/06/2020,Common zebra,Peru,213.52,Myton
843,26/04/2020,"Jaeger, long-tailed",France,372.21,Spruce
844,14/03/2020,Malay squirrel (unidentified),China,973.59,Posner
845,22/02/2020,Long-billed cockatoo,Russia,687.91,Tarbin
846,23/05/2020,"Crab, sally lightfoot",Thailand,841.51,Dressel
847,22/02/2020,Paddy heron (unidentified),France,951.36,Myton
848,05/03/2020,American racer,Philippines,532.61,Crosby
849,19/06/2020,Blue wildebeest,Sweden,232.15,Posner
850,27/05/2020,"Fox, savanna",Nigeria,217.25,Huff
851,15/06/2020,"Dog, raccoon",China,690.36,Nodes
852,31/03/2020,"Plover, three-banded",Tanzania,237.47,Huff
853,03/04/2020,"Sloth, hoffman's",South Korea,405.20,Crosby
854,13/04/2020,Netted rock dragon,Netherlands,677.58,Crosby
855,09/01/2020,Bateleur eagle,Mongolia,487.28,Logie
856,15/02/2020,Southern ground hornbill,Sweden,397.71,Crosby
857,14/05/2020,Black-cheeked waxbill,Mongolia,704.90,Olden
858,07/06/2020,"Sandpiper, spotted wood",Botswana,925.20,Huff
859,12/02/2020,Thirteen-lined squirrel,Japan,421.64,Tarbin
860,18/04/2020,"Crane, sarus",Argentina,355.15,Nodes
861,07/01/2020,Small-clawed otter,Japan,727.67,Posner
862,20/02/2020,"Jackal, asiatic",Morocco,491.46,Tarbin
863,19/03/2020,White-throated toucan,Argentina,255.11,Dressel
864,23/04/2020,"Siskin, yellow-rumped",Nigeria,626.74,Nodes
865,05/05/2020,Helmeted guinea fowl,Indonesia,733.29,Nodes
866,27/03/2020,Barrows goldeneye,Portugal,468.10,Tarbin
867,20/03/2020,"Oryx, beisa",Portugal,959.43,Myton
868,26/03/2020,Asian lion,Indonesia,800.76,Logie
869,04/01/2020,Blue wildebeest,China,196.03,Myton
870,15/05/2020,Short-beaked echidna,Indonesia,276.78,Tarbin
871,31/05/2020,Red howler monkey,Czech Republic,808.69,Spruce
872,16/01/2020,"Fox, asian red",China,108.93,Crosby
873,07/05/2020,Blue and yellow macaw,China,298.65,Tarbin
874,04/04/2020,Yellow-billed stork,Poland,495.62,Huff
875,19/05/2020,Woylie,Thailand,654.36,Spruce
876,31/01/2020,Mourning collared dove,Saudi Arabia,673.15,Huff
877,01/04/2020,"Pigeon, feral rock",Macedonia,126.70,Dressel
878,04/02/2020,Reindeer,Tajikistan,135.92,Posner
879,17/05/2020,Red brocket,Nigeria,266.09,Dressel
880,15/05/2020,"Goose, snow",Sweden,941.44,Olden
881,19/06/2020,"Pelican, australian",Brazil,205.68,Nodes
882,18/05/2020,Hoary marmot,China,925.77,Dressel
883,17/01/2020,"Woodpecker, red-headed",Brazil,454.27,Nodes
884,14/02/2020,"Capuchin, brown",Bolivia,222.27,Tarbin
885,03/03/2020,Tawny eagle,Greece,957.17,Dressel
886,27/01/2020,"Eagle, pallas's fish",Russia,419.26,Tarbin
887,06/04/2020,"Deer, black-tailed",Canada,860.18,Olden
888,12/06/2020,"Hoopoe, eurasian",Poland,987.67,Posner
889,01/04/2020,Turkey vulture,China,201.64,Huff
890,24/03/2020,Numbat,Mauritius,764.00,Crosby
891,06/05/2020,Lappet-faced vulture,Japan,935.10,Dressel
892,03/03/2020,"Monkey, vervet",United States,334.05,Dressel
893,16/01/2020,"Crane, brolga",Portugal,267.04,Nodes
894,27/06/2020,Blue-tongued lizard,Indonesia,136.69,Huff
895,28/04/2020,African porcupine,China,924.90,Posner
896,24/05/2020,Asian openbill,Nigeria,784.17,Huff
897,29/02/2020,Blue and gold macaw,China,511.80,Myton
898,31/01/2020,Richardson's ground squirrel,China,579.04,Posner
899,01/05/2020,"Pelican, eastern white",Russia,268.01,Crosby
900,17/02/2020,Pampa gray fox,Finland,782.14,Logie
901,12/01/2020,"Cormorant, javanese",Kenya,427.92,Myton
902,20/04/2020,"Whale, killer",China,552.06,Myton
903,21/03/2020,Javan gold-spotted mongoose,Canada,708.26,Olden
904,10/04/2020,African black crake,Germany,923.79,Tarbin
905,05/03/2020,Praying mantis (unidentified),France,146.90,Nodes
906,12/02/2020,Red-knobbed coot,Nicaragua,447.42,Huff
907,31/03/2020,"Teal, hottentot",Czech Republic,155.75,Tarbin
908,11/06/2020,"Bleu, blue-breasted cordon",Indonesia,607.90,Logie
909,14/06/2020,"Kangaroo, red",Greece,644.27,Posner
910,08/01/2020,"Wallaby, river",China,438.96,Tarbin
911,26/06/2020,"Squirrel, richardson's ground",Finland,500.06,Spruce
912,02/05/2020,Grey-footed squirrel,Russia,536.98,Olden
913,02/03/2020,"Finch, common melba",Honduras,341.16,Dressel
914,22/05/2020,American badger,Brazil,401.41,Dressel
915,29/02/2020,Boat-billed heron,Indonesia,110.16,Huff
916,17/03/2020,Ring-tailed lemur,Egypt,338.36,Dressel
917,14/04/2020,White-throated toucan,Indonesia,837.34,Dressel
918,01/06/2020,"Kudu, greater",Philippines,831.64,Myton
919,15/04/2020,"Antelope, four-horned",Bosnia and Herzegovina,174.88,Dressel
920,17/06/2020,"Viper, egyptian",Lebanon,568.09,Crosby
921,02/02/2020,Kinkajou,Indonesia,165.89,Olden
922,13/01/2020,Striated heron,China,170.63,Huff
923,07/02/2020,Slender loris,Lithuania,107.20,Olden
924,19/04/2020,Rhesus monkey,China,260.95,Dressel
925,01/02/2020,Spur-winged goose,Saudi Arabia,384.02,Huff
926,12/04/2020,"Shrike, southern white-crowned",Kosovo,777.57,Nodes
927,02/04/2020,"Hartebeest, red",Slovenia,495.66,Spruce
928,02/03/2020,"Stork, painted",Ethiopia,899.45,Huff
929,26/06/2020,Numbat,New Zealand,153.17,Huff
930,25/03/2020,"Colobus, black and white",Finland,235.40,Logie
931,21/05/2020,Red-shouldered glossy starling,Mexico,274.44,Olden
932,04/03/2020,"Bat, madagascar fruit",Afghanistan,929.50,Crosby
933,12/06/2020,"Woodcock, american",Morocco,966.62,Logie
934,27/04/2020,"Cow, scottish highland",China,807.15,Posner
935,27/06/2020,Agama lizard (unidentified),Portugal,279.63,Myton
936,07/03/2020,Indian porcupine,Thailand,988.08,Nodes
937,24/03/2020,"Civet, small-toothed palm",Croatia,239.38,Crosby
938,23/01/2020,"Tortoise, burmese black mountain",Poland,108.00,Tarbin
939,14/01/2020,Red-breasted nuthatch,China,920.02,Tarbin
940,26/06/2020,Black-capped capuchin,Czech Republic,145.97,Olden
941,14/01/2020,American beaver,China,607.59,Crosby
942,24/05/2020,Two-banded monitor,Morocco,497.97,Myton
943,15/03/2020,"Dragon, asian water",Portugal,639.40,Tarbin
944,02/02/2020,"Wallaroo, common",United States,612.02,Tarbin
945,18/04/2020,Roan antelope,Mauritius,174.68,Nodes
946,06/03/2020,North American porcupine,China,979.44,Olden
947,09/01/2020,"Beaver, european",United States,645.95,Tarbin
948,28/02/2020,"Deer, roe",Peru,395.72,Posner
949,28/01/2020,White-mantled colobus,Japan,556.70,Dressel
950,28/02/2020,"Macaque, bonnet",China,247.20,Huff
951,28/04/2020,"Genet, small-spotted",Thailand,170.93,Crosby
952,22/06/2020,Water legaan,Indonesia,799.64,Posner
953,03/05/2020,"Kangaroo, western grey",China,843.39,Logie
954,20/04/2020,"Bustard, kori",Argentina,207.45,Myton
955,15/06/2020,"Falcon, peregrine",Brazil,566.49,Olden
956,29/01/2020,Black-throated butcher bird,China,275.87,Myton
957,09/04/2020,"Heron, gray",Czech Republic,274.22,Olden
958,29/05/2020,"Tortoise, desert",Philippines,913.78,Olden
959,15/06/2020,Tiger,Russia,839.16,Tarbin
960,28/01/2020,"Goose, spur-winged",Philippines,397.77,Logie
961,07/01/2020,"Nighthawk, common",Japan,776.27,Posner
962,15/06/2020,American Virginia opossum,China,388.73,Dressel
963,18/05/2020,"Gull, pacific",Haiti,321.86,Nodes
964,17/02/2020,Violet-crested turaco,Thailand,231.44,Huff
965,12/04/2020,Crown of thorns starfish,Mongolia,912.18,Crosby
966,12/01/2020,Pied crow,Brazil,363.22,Myton
967,05/05/2020,Black bear,Brazil,759.05,Crosby
968,05/02/2020,Rufous-collared sparrow,China,421.45,Tarbin
969,15/06/2020,Red-cheeked cordon bleu,Sweden,689.97,Logie
970,01/03/2020,Japanese macaque,Poland,673.25,Spruce
971,21/06/2020,"Snake, tiger",China,143.34,Posner
972,20/03/2020,Gulls (unidentified),Brazil,372.95,Tarbin
973,17/06/2020,Gambel's quail,China,247.95,Logie
974,19/06/2020,"Antelope, roan",Ukraine,199.90,Logie
975,16/03/2020,"Seal, common",China,683.44,Dressel
976,23/03/2020,Field flicker,Peru,604.05,Tarbin
977,12/01/2020,Bohor reedbuck,Albania,911.12,Olden
978,04/02/2020,"Fox, grey",South Korea,656.30,Olden
979,20/01/2020,"Dog, raccoon",Peru,411.28,Crosby
980,02/04/2020,Giant otter,Slovenia,620.05,Olden
981,23/03/2020,"Armadillo, giant",Indonesia,460.84,Spruce
982,10/01/2020,Burmese brown mountain tortoise,Philippines,114.30,Posner
983,06/01/2020,Painted stork,China,834.16,Posner
984,15/02/2020,Eurasian badger,China,106.73,Logie
985,21/06/2020,"Gull, herring",Afghanistan,879.91,Nodes
986,16/04/2020,Tsessebe,Greece,195.49,Olden
987,31/03/2020,Blue and gold macaw,Kazakhstan,631.10,Olden
988,13/03/2020,Waved albatross,Philippines,387.85,Olden
989,21/01/2020,"Screamer, southern",Russia,699.18,Huff
990,13/05/2020,Brown and yellow marshbird,Thailand,506.31,Nodes
991,20/02/2020,White-winged tern,China,445.55,Olden
992,11/06/2020,Bobcat,France,831.92,Huff
993,07/06/2020,"Squirrel, smith's bush",Indonesia,474.01,Olden
994,18/04/2020,Praying mantis (unidentified),China,783.88,Spruce
995,12/05/2020,"Rhea, gray",South Africa,562.56,Huff
996,14/01/2020,Superb starling,Mexico,726.91,Olden
997,25/02/2020,"Gull, silver",Portugal,616.90,Nodes
998,21/05/2020,"Egret, cattle",Madagascar,101.61,Posner
999,28/04/2020,Harbor seal,Philippines,433.59,Logie
1000,20/06/2020,Swamp deer,Russia,326.78,Nodes
1001,29/02/2020,"Anteater, giant",Peru,475.66,Myton
1002,08/05/2020,"Echidna, short-beaked",United States,911.33,Tarbin
1003,05/05/2020,"Snake, buttermilk",Czech Republic,227.20,Myton
1004,08/03/2020,Red-knobbed coot,Haiti,683.49,Crosby
1005,25/03/2020,"Vulture, king",Panama,209.11,Tarbin
1006,11/06/2020,Caracara (unidentified),Poland,788.41,Tarbin
1007,09/05/2020,Tsessebe,Afghanistan,806.36,Tarbin
1008,26/03/2020,Indian mynah,Czech Republic,134.30,Huff
1009,25/04/2020,Southern screamer,Spain,649.63,Tarbin
1010,04/05/2020,"Anteater, giant",Indonesia,935.40,Logie
1011,24/01/2020,Black-collared barbet,Russia,503.18,Spruce
1012,19/06/2020,Common wallaroo,Indonesia,125.80,Crosby
1013,29/01/2020,Pacific gull,Poland,359.14,Posner
1014,30/05/2020,Asian false vampire bat,China,721.48,Crosby
1015,16/02/2020,Southern elephant seal,China,954.59,Olden
1016,21/02/2020,Violet-crested turaco,Nigeria,690.63,Logie
1017,15/02/2020,"Otter, african clawless",Vietnam,199.70,Tarbin
1018,27/06/2020,Galapagos hawk,Colombia,638.76,Spruce
1019,27/01/2020,Common waterbuck,Serbia,857.00,Olden
1020,20/02/2020,"Magpie, black-backed",China,451.90,Huff
1021,12/02/2020,"Dog, african wild",Portugal,842.71,Huff
1022,22/03/2020,Galah,Russia,202.32,Olden
1023,26/04/2020,"Bee-eater, white-fronted",Japan,395.53,Spruce
1024,29/06/2020,Least chipmunk,Portugal,692.25,Myton
1025,09/03/2020,Black swan,Iran,599.27,Tarbin
1026,06/03/2020,Yellow-bellied marmot,Mongolia,158.53,Crosby
1027,25/03/2020,Cape raven,Russia,156.68,Tarbin
1028,06/03/2020,Bontebok,Switzerland,923.47,Myton
1029,27/01/2020,Vine snake (unidentified),Botswana,626.39,Dressel
1030,04/03/2020,"Crow, house",Indonesia,781.63,Crosby
1031,23/02/2020,"Flamingo, lesser",Portugal,979.58,Crosby
1032,28/02/2020,"Cockatoo, long-billed",Norway,494.61,Huff
1033,06/05/2020,"Penguin, little blue",France,622.70,Nodes
1034,17/06/2020,Coyote,Ethiopia,763.39,Crosby
1035,10/01/2020,Dama wallaby,China,419.80,Crosby
1036,25/01/2020,Blue waxbill,Lithuania,854.73,Spruce
1037,05/04/2020,Tiger,Russia,775.80,Logie
1038,28/06/2020,Paca,China,830.98,Myton
1039,30/01/2020,Ground monitor (unidentified),China,603.15,Dressel
1040,23/03/2020,"Squirrel, pine",China,935.52,Posner
1041,30/04/2020,Red-breasted cockatoo,Philippines,332.13,Nodes
1042,25/06/2020,"Lapwing, southern",Syria,791.02,Logie
1043,16/02/2020,Yellow baboon,Sweden,643.36,Crosby
1044,26/01/2020,Egyptian cobra,Nicaragua,667.67,Huff
1045,24/06/2020,Indian jackal,Bangladesh,546.69,Posner
1046,08/04/2020,Giant anteater,China,856.10,Spruce
1047,26/02/2020,"Cockatoo, red-breasted",Philippines,365.86,Myton
1048,14/06/2020,African pied wagtail,Argentina,274.43,Tarbin
1049,15/04/2020,"Seal, southern elephant",Guatemala,260.45,Myton
1050,07/03/2020,Western palm tanager (unidentified),Portugal,966.03,Myton
1051,29/01/2020,"Cat, ringtail",China,980.93,Posner
1052,13/06/2020,"Lemming, collared",China,277.73,Spruce
1053,26/06/2020,"Flamingo, roseat",Russia,223.14,Nodes
1054,03/04/2020,"Possum, western pygmy",China,748.73,Posner
1055,10/06/2020,"Duck, blue",France,531.56,Spruce
1056,20/05/2020,Mexican boa,Mexico,947.11,Crosby
1057,06/03/2020,Pied kingfisher,France,221.46,Myton
1058,17/06/2020,Fringe-eared oryx,Nigeria,653.10,Logie
1059,27/01/2020,"Raven, cape",Russia,343.47,Crosby
1060,05/04/2020,Burrowing owl,Sweden,780.29,Olden
1061,17/05/2020,"Crane, blue",Albania,616.84,Huff
1062,29/05/2020,Horned lark,Indonesia,449.98,Myton
1063,06/03/2020,Plains zebra,Ireland,266.33,Olden
1064,23/04/2020,"Grebe, little",Indonesia,923.27,Logie
1065,20/03/2020,Pocket gopher (unidentified),Norway,302.76,Spruce
1066,31/03/2020,"Sloth, pale-throated three-toed",China,386.70,Posner
1067,18/06/2020,Chimpanzee,Thailand,137.67,Tarbin
1068,23/02/2020,"Fowl, helmeted guinea",Indonesia,421.42,Logie
1069,22/04/2020,White-winged black tern,China,674.46,Olden
1070,04/03/2020,African lion,Russia,496.71,Tarbin
1071,29/06/2020,Chimpanzee,Indonesia,164.16,Posner
1072,05/06/2020,White-tailed deer,Finland,101.99,Dressel
1073,16/06/2020,"Dove, laughing",Russia,573.52,Huff
1074,22/01/2020,Asiatic jackal,Brazil,696.96,Logie
1075,14/06/2020,Bleeding heart monkey,Indonesia,751.48,Crosby
1076,23/02/2020,Verreaux's sifaka,Portugal,876.83,Posner
1077,24/05/2020,Sambar,China,563.99,Olden
1078,20/02/2020,Horned lark,Portugal,225.50,Spruce
1079,21/05/2020,Egyptian viper,Mexico,559.41,Dressel
1080,02/04/2020,Bat-eared fox,Indonesia,302.91,Spruce
1081,06/03/2020,"Avocet, pied",Denmark,146.17,Logie
1082,14/03/2020,"Magpie, australian",Ukraine,443.34,Nodes
1083,05/06/2020,"Gecko, tokay",Peru,215.62,Spruce
1084,10/02/2020,"Wambenger, red-tailed",Indonesia,262.97,Posner
1085,28/01/2020,Asian red fox,Indonesia,370.50,Huff
1086,08/06/2020,Bat-eared fox,Zimbabwe,237.20,Olden
1087,10/06/2020,Praying mantis (unidentified),Ecuador,657.50,Tarbin
1088,17/02/2020,"Teal, hottentot",China,592.19,Myton
1089,26/04/2020,Bat-eared fox,United States,166.01,Logie
1090,16/06/2020,Green vine snake,Colombia,560.40,Spruce
1091,12/01/2020,"Cardinal, black-throated",Indonesia,385.29,Dressel
1092,13/02/2020,Malabar squirrel,Japan,651.24,Dressel
1093,18/01/2020,Sugar glider,Palestinian Territory,387.56,Tarbin
1094,11/03/2020,"Wallaby, river",Indonesia,760.57,Logie
1095,03/06/2020,"Eagle, long-crested hawk",Sierra Leone,129.80,Olden
1096,27/04/2020,White-throated kingfisher,Bosnia and Herzegovina,479.00,Myton
1097,30/01/2020,"Tortoise, burmese brown mountain",China,360.01,Dressel
1098,10/02/2020,"Fox, crab-eating",South Korea,537.15,Posner
1099,06/04/2020,Ocelot,Russia,413.55,Olden
1100,19/01/2020,"Hartebeest, coke's",China,421.71,Myton
