Voornaam;Achternaam;BSN;Geboortedatum;Geboorteplaats;Afdeling;Functie;Schaal;FTE%;Salaris_bruto;Datum_in_dienst,
Francis;Willemsen;85559670;6-3-1975;Heemskerk;R&R;Chauffeur;7;0,4;840;10-6-2007
Annemiek;Visser;56053965;24-6-1949;Scherpenzeel;Operatie;Stagair;6;0,6;1080;25-11-1998
Ivan;Bakker;61090035;26-7-2013;Beek;R&R;Stagair;6;1;1800;17-3-2010,
Xanthe;Verhoeven;89619237;21-5-1991;Dordrecht;Communicatie;Monteur;9;0,8;2160;17-7-1996
Teun;Groen;25937991;15-10-1972;Delfzijl;Verkoop;Chauffeur;9;0,4;1080;29-12-2006
Heintje;Vermeulen;20193294;23-10-1965;Brunssum;Management;Administratief Medewerker;10;0,6;1800;29-8-2005
Alida;Koster;52528425;2-11-2009;Smart City;Verkoop;Chauffeur;8;0,4;960;29-5-1998
Adriana;van den Velde;66548498;7-11-1967;Delfzijl;Communicatie;Administratief Medewerker;7;0,4;840;12-11-2014
Dave;de Vries;73718045;4-6-1937;Den Haag ('s-Gravenhage);Operatie;Team Lead;9;0,4;1080;11-6-2012
Finn;Prins;66004370;12-10-1977;Baarn;Verkoop;Manager;8;1;2400;2-10-1998,
Gerard;van der Velden;76339403;12-4-1991;West Betuwe;Operatie;Manager;9;0,8;2160;15-6-2010
Joël;Mol;41195333;29-3-2012;Rheden;Verkoop;Chauffeur;7;0,6;1260;6-7-2003
Scott;de Jonge;48645774;20-3-1979;Heerhugowaard;Communicatie;Chauffeur;6;0,6;1080;20-12-2002
Daisy;Bakker;53222720;16-12-1928;Voorschoten;Management;Assistent;6;0,8;1440;20-3-2010
Corné;van der Velden;35354406;11-11-2001;Heeze-Leende;R&R;Chauffeur;6;1;1800;8-1-2015,
Noud;Janssen;91651696;31-1-1976;Druten;Management;Monteur;12;0,6;2160;20-10-1998
Hubertina;Jansen;94899661;28-9-1960;Meppel;Communicatie;Manager;8;0,4;960;19-8-2004
Jozua;Sanders;45815882;1-8-1932;Son en Breugel;Communicatie;Chauffeur;10;0,4;1200;18-7-1996
Auke;Schouten;76429733;13-10-1932;Hulst;Communicatie;Chauffeur;8;0,4;960;28-4-2006
Jeroen;Evers;99679069;7-12-2005;Hardinxveld-Giessendam;Communicatie;Chauffeur;6;0,8;1440;18-11-2014
Sijmen;Visser;73398430;14-4-1998;Veere;Verkoop;Manager;6;0,6;1080;11-4-2001
Eveline;Molenaar;59618822;5-2-1978;Ridderkerk;Communicatie;Interieurverzorger;6;1;1800;5-3-2011,
Max;Willems;77905291;28-8-1990;Smart City;Management;Interieurverzorger;11;0,8;2640;17-4-2013
Ingeborg;van der Meulen;12852045;31-12-1937;Altena;Verkoop;Chauffeur;8;0,4;960;31-3-2012
Albertine;Peeters;40494815;28-11-1955;Waddinxveen;Verkoop;Interieurverzorger;8;1;2400;30-9-2004,
Melle;Jonker;69601894;22-10-1954;Druten;Management;Chauffeur;7;1;2100;19-8-2010,
Francesca;van den Brink;66491900;24-4-2004;Zaanstad;R&R;Chauffeur;11;0,4;1320;8-2-1998
Maxim;de Haan;26779754;14-12-1973;Alphen aan den Rijn;Communicatie;Team Lead;8;1;2400;27-2-2010,
Florian;van Dijk;76127852;14-7-1992;Reusel-De Mierden;Verkoop;Administratief Medewerker;8;1;2400;20-8-2004,
Charles;Jacobs;30792115;1-2-1946;Het Hogeland;R&R;Team Lead;7;0,6;1260;25-9-2013
Joras;Jansen;84295973;9-12-1999;Harderwijk;Communicatie;Manager;12;0,4;1440;11-6-2007
Linda;de Vries;80937941;23-9-1980;West Maas en Waal;Communicatie;Assistent;9;0,6;1620;28-1-2011
Heiltje;Evers;24645652;5-4-2010;Smart City;Operatie;Stagair;7;1;2100;15-12-2009,
Ruslan;Scholten;44070075;15-1-1949;Diemen;Communicatie;Interieurverzorger;10;0,8;2400;29-11-2015
Vladimir;Willemsen;63225926;3-2-1967;Renswoude;Operatie;Administratief Medewerker;8;0,6;1440;23-3-2008
Bregje;van Loon;65315388;20-12-1969;Heusden;Verkoop;Assistent;8;0,6;1440;26-1-2003
Fokke;de Graaf;84468378;11-7-1984;Papendrecht;R&R;Interieurverzorger;12;0,8;2880;8-7-2011
Beatrix;Koster;32001314;5-9-1997;Meerssen;Verkoop;Chauffeur;10;1;3000;11-6-2010,
Julius;van den Heuvel;13559304;9-3-1964;Bernheze;Operatie;Assistent;8;1;2400;1-10-1999,
Iwan;Timmermans;18013954;3-4-2003;Nunspeet;Communicatie;Team Lead;9;0,4;1080;10-8-2009
Freddie;Groen;81887454;5-7-1945;Papendrecht;Communicatie;Chauffeur;9;1;2700;30-7-2005,
Nadi;van den Brink;70330581;14-6-1995;Eemnes;Communicatie;Administratief Medewerker;12;0,8;2880;23-6-2003
Gust;Prins;65884357;21-7-1967;Ede;Operatie;Assistent;10;0,6;1800;24-9-2005
Ief;van der Ven;97547708;1-7-1986;Renswoude;Communicatie;Administratief Medewerker;11;0,4;1320;3-10-2013
Imke;Jansen;74474113;23-5-1963;Smart City;Communicatie;Administratief Medewerker;8;0,6;1440;12-8-2017
Ramon;Hendriks;32922356;6-8-2006;Ouder-Amstel;Management;Interieurverzorger;8;0,4;960;29-5-2015
Bianca;Bakker;66397380;6-1-1930;Aa en Hunze;Management;Team Lead;11;0,4;1320;15-7-2003
Youri;Sanders;99991529;4-9-1988;Medemblik;Verkoop;Chauffeur;12;0,4;1440;20-6-2007
Debora;Jansen;67378491;8-2-1984;Smart City;Operatie;Chauffeur;11;0,6;1980;1-12-2004
Irma;van der Velden;95780975;17-7-1951;Rozendaal;R&R;Chauffeur;12;1;3600;5-5-2006,
Rijo;de Bruyn;50324106;27-10-1958;Roermond;Management;Assistent;6;0,6;1080;24-2-2007
Benjamin;van der Horst;17513149;26-11-1982;Almelo;Operatie;Monteur;12;0,4;1440;30-10-1996
Mickey;van den Berg;72785648;5-9-1979;Oisterwijk;R&R;Chauffeur;6;0,6;1080;20-4-2005
Romy;van der Horst;97692141;29-3-1955;Montfoort;Management;Manager;6;1;1800;25-10-2005,
Rinze;van Wijk;55405427;24-8-1927;Urk;R&R;Monteur;10;0,4;1200;18-12-2015
Jolijn;Jacobs;72526736;24-2-1941;Loon op Zand;Communicatie;Assistent;12;1;3600;13-5-2016,
Manuela;Boer;14338654;11-12-1931;Den Helder;Management;Chauffeur;7;0,4;840;14-5-2008
Tycho;Mulder;81090001;27-10-1993;Middelburg;Management;Administratief Medewerker;6;0,8;1440;15-10-2012
Lancelot;van der Wal;31748456;6-6-1955;Goeree-Overflakkee;Management;Chauffeur;6;0,6;1080;7-7-2007
Nauth;Hermans;90103205;8-3-1965;Gilze en Rijen;R&R;Administratief Medewerker;10;0,4;1200;25-5-1998
Marcia;de Groot;44710324;3-7-1951;Tilburg;R&R;Chauffeur;7;0,6;1260;3-11-2005
Lammert;Boer;28121900;7-5-2000;Gulpen-Wittem;Management;Stagair;8;0,4;960;26-3-2016
Mitch;van der Heijden;39617503;31-7-1963;Noord-Beveland;Verkoop;Chauffeur;10;0,8;2400;9-6-2011
Sabine;Dijkstra;81439230;3-9-1987;Smart City;Operatie;Monteur;7;0,8;1680;30-6-1996
Jane;de Koning;59596330;6-9-2004;Hoogeveen;Operatie;Monteur;12;0,4;1440;31-5-2009
Frederick;Meijer;44677589;7-1-1961;Heusden;Management;Administratief Medewerker;12;0,8;2880;17-12-2000
Rolán;van Loon;18731592;28-7-1941;Lisse;Operatie;Chauffeur;6;0,6;1080;7-12-2004
Leense;van de Veen;87956940;19-8-1965;Ooststellingwerf;Communicatie;Interieurverzorger;11;1;3300;18-11-1999,
Sepp;Schouten;27372989;11-8-1969;Den Helder;Verkoop;Administratief Medewerker;12;0,8;2880;30-12-1999
Jochen;van den Broek;12747498;20-7-1994;Ameland;Management;Chauffeur;9;0,6;1620;29-6-2001
Nelson;Peters;29196419;30-9-1966;De Friese Meren;Communicatie;Chauffeur;12;1;3600;17-5-2013,
Igor;van Doorn;45177393;20-8-1941;Wassenaar;Verkoop;Administratief Medewerker;9;0,6;1620;30-1-2001
Ko;van de Pol;76547013;16-6-1988;Nijmegen;Verkoop;Chauffeur;7;0,6;1260;7-4-2016
Hubertina;de Koning;43086631;9-11-1944;Winterswijk;Management;Manager;7;0,8;1680;21-5-2006
Olivia;van den Broek;25371624;30-10-1995;Noardeast-Fryslân;Verkoop;Monteur;11;1;3300;16-11-2004,
Heike;van de Velden;44282679;7-4-1975;Heerde;R&R;Chauffeur;6;0,8;1440;16-7-2007
Rani;Prins;69568698;14-4-1949;Smart City;Verkoop;Chauffeur;8;0,8;1920;27-6-2012
Severinus;Post;42859778;4-8-1960;Kerkrade;Verkoop;Chauffeur;6;0,4;720;25-5-2007
Carlijn;Willemsen;28883680;1-12-1927;Smart City;Operatie;Chauffeur;8;0,6;1440;20-8-2008
Lennaert;de Vries;93392497;18-5-1997;Roosendaal;R&R;Administratief Medewerker;7;1;2100;21-2-2004,
Lennert;Kuijpers;60680820;8-12-1948;Amsterdam;Operatie;Assistent;9;0,8;2160;19-1-2016
Dorothea;van der Velden;30141732;28-2-2001;Purmerend;Operatie;Administratief Medewerker;8;0,4;960;2-1-2012
Yvo;van der Ven;42805974;11-7-2011;Maasdriel;Management;Interieurverzorger;7;0,4;840;5-8-2005
Gaetan;Vos;56626001;16-10-1954;Alkmaar;Verkoop;Stagair;6;0,4;720;30-1-2017
Julien;Hermans;96096226;24-11-1957;Oost Gelre;Communicatie;Administratief Medewerker;7;0,6;1260;16-12-2001
Pien;van de Wal;59042873;31-12-1952;Schiedam;Verkoop;Administratief Medewerker;7;0,6;1260;7-8-2008
Ewoud;van Leeuwen;96615259;26-9-1927;Hilversum;Operatie;Team Lead;7;0,4;840;23-10-1997
Auke;Hofman;52599910;7-11-1980;Altena;R&R;Interieurverzorger;9;1;2700;6-5-2016,
Robbe;van der Linden;52263475;27-7-1946;Soest;Verkoop;Monteur;10;0,4;1200;3-4-2014
Ralph;Willems;92654242;28-3-1974;Heeze-Leende;Operatie;Team Lead;9;0,4;1080;28-12-2005
Jaimy;van de Ven;52097239;29-9-1972;Nissewaard;Operatie;Interieurverzorger;6;0,8;1440;7-4-2005
Jonathan;van der Veen;81671108;27-5-1943;Hengelo;Management;Assistent;10;0,8;2400;13-4-2016
Thibaut;van der Linden;85709235;19-5-1969;Smart City;Verkoop;Chauffeur;6;0,6;1080;10-3-2014
Aäron;van den Velden;50300081;2-5-2009;Smart City;Management;Chauffeur;8;1;2400;6-10-2008,
Jay;Bosch;84229912;12-8-1961;Zwijndrecht;Communicatie;Manager;12;0,6;2160;23-4-2008
Frits;Hofman;30755031;26-9-1969;Bergen;Verkoop;Chauffeur;9;0,4;1080;30-5-2011
Alexandra;Vos;76705018;19-4-1939;Ridderkerk;Communicatie;Chauffeur;6;0,8;1440;6-5-2005
Felicia;Maas;91000325;3-10-1942;Losser;R&R;Chauffeur;12;1;3600;6-7-2015,
Serge;Hofman;71647807;8-12-1991;Steenwijkerland;Verkoop;Stagair;12;0,4;1440;17-1-2008
Hilda;van der Velden;61961440;10-3-1984;Baarn;Communicatie;Team Lead;9;1;2700;15-8-1999,
Olivier;Martens;83192694;10-9-1930;Ede;Operatie;Chauffeur;12;0,6;2160;15-9-2012
Isaak;de Jonge;31228560;24-10-1937;Maasdriel;Communicatie;Chauffeur;12;0,4;1440;24-4-2011
Owen;de Bruyn;47290327;31-1-2008;Montferland;R&R;Team Lead;6;0,4;720;9-2-2003
Philippe;van der Velde;43100062;26-3-1936;Barendrecht;Communicatie;Interieurverzorger;10;0,8;2400;28-7-2003
Conor;de Lange;76637399;18-8-1973;Smart City;Verkoop;Interieurverzorger;11;0,8;2640;15-12-1996
Nienke;van Dongen;25152564;21-3-1986;Zeewolde;Verkoop;Chauffeur;9;0,6;1620;17-5-2004
Oguzhan;van Dongen;70929249;17-11-1978;Hardenberg;R&R;Manager;12;0,8;2880;30-5-2016
Hedwig;Scholten;84702336;17-10-1935;Gooise Meren;R&R;Manager;7;0,8;1680;12-3-2000
Valentijn;de Graaf;13117063;5-4-1937;Tynaarlo;Management;Assistent;10;1;3000;14-8-1999,
Geeske;van de Velden;31086243;16-12-1980;Leiderdorp;Operatie;Monteur;9;0,4;1080;30-12-1997
Elias;Gerritsen;66614882;16-2-2001;Smart City;Management;Manager;8;0,6;1440;8-10-1998
Norbert;Kuijpers;27507459;27-3-1945;Zaanstad;Communicatie;Interieurverzorger;6;0,6;1080;8-2-2014
Pia;van den Heuvel;53511392;26-5-2007;Barneveld;Operatie;Chauffeur;7;0,8;1680;8-2-2016
Werner;Jansen;24483438;17-5-1950;Venray;Management;Assistent;9;0,6;1620;16-5-1996
Petrus;Evers;98468021;19-8-1998;Smart City;Management;Chauffeur;10;0,6;1800;29-10-2000
Edward;Blom;68562318;27-2-2000;Loppersum;Management;Assistent;9;0,4;1080;16-8-2015
Annabel;Kuijpers;44646148;5-2-1965;Smart City;Operatie;Stagair;11;0,8;2640;8-5-1998
Daisy;Molenaar;80353182;26-10-1971;Zoeterwoude;R&R;Chauffeur;7;0,8;1680;22-3-1998
Myrthe;Meyer;96748155;14-3-2010;Duiven;Communicatie;Chauffeur;9;1;2700;25-6-2014,
Felix;van Dongen;90813654;16-2-1934;Landgraaf;Operatie;Chauffeur;12;0,4;1440;29-1-2016
Jay;de Jonge;50797180;22-11-1939;Stichtse Vecht;Communicatie;Stagair;12;0,8;2880;24-1-2012
Marius;de Wit;29871891;31-12-1950;Barendrecht;Verkoop;Chauffeur;10;0,4;1200;13-6-1999
Nancy;Willemsen;18791966;10-2-1988;Smart City;Operatie;Stagair;7;0,4;840;11-3-2001
Eleonora;Boer;44547533;20-5-1945;Geertruidenberg;Communicatie;Chauffeur;10;0,6;1800;26-6-2009
Karlijn;van der Meer;10869313;18-7-1974;West Betuwe;R&R;Administratief Medewerker;12;0,6;2160;12-8-2004
Marieke;van den Velden;60459197;12-12-1966;Dordrecht;Operatie;Chauffeur;6;0,4;720;12-8-1997
Frederika;van de Brink;35751899;7-4-1998;Leudal;Communicatie;Chauffeur;10;0,6;1800;20-12-1995
Adriaan;van de Pol;39421635;24-1-1962;Sint Anthonis;Operatie;Chauffeur;10;1;3000;24-7-1996,
Larissa;de Koning;88766851;12-7-2012;Smallingerland;Management;Interieurverzorger;10;0,6;1800;18-10-1997
Tim;van der Wal;35485234;12-11-2008;Rijswijk;Communicatie;Monteur;11;0,4;1320;30-5-2002
Sanne;Koster;56425252;14-7-1987;Wijdemeren;Communicatie;Team Lead;9;0,6;1620;31-7-2006
Mink;van de Brink;63135736;3-2-2012;Goeree-Overflakkee;Verkoop;Chauffeur;9;0,4;1080;28-5-1998
Mariëtte;van den Brink;24244750;10-5-2000;Nijkerk;Management;Assistent;6;0,6;1080;25-5-2016
Kwinten;van de Ven;73981380;7-1-1980;Hillegom;Communicatie;Assistent;7;0,6;1260;30-4-2006
Meindert;Kok;21614940;18-11-1955;Goeree-Overflakkee;Verkoop;Chauffeur;6;0,8;1440;16-3-2015
Dirkje;Hendriks;58233799;13-7-1987;Blaricum;Management;Manager;7;0,6;1260;16-1-2009
Gerhardus;van Loon;73766415;6-6-1948;Papendrecht;Management;Interieurverzorger;10;0,6;1800;18-6-2006
Carel;Vos;96869017;16-1-1938;Woerden;R&R;Chauffeur;7;0,6;1260;14-5-2003
Luuk;van de Pol;49525406;2-2-2009;Nuenen c.a.;Operatie;Team Lead;9;0,6;1620;30-7-1997
Brian;van Dijk;51087051;19-10-1939;Smart City;Communicatie;Team Lead;10;0,8;2400;7-7-2012
Helena;Evers;38454562;8-9-1964;Oss;R&R;Chauffeur;12;0,8;2880;11-8-2000
Marieke;van de Veen;48632557;8-7-1974;Enschede;Management;Team Lead;11;0,6;1980;7-12-2013
Wilco;Meyer;92371496;14-2-1990;Lelystad;Management;Chauffeur;11;0,8;2640;12-10-2011
Grant;Post;63744440;24-10-1936;Valkenburg aan de Geul;R&R;Chauffeur;7;0,4;840;12-10-2008
Ronald;Vermeulen;32951432;7-12-1940;Ouder-Amstel;Verkoop;Team Lead;8;0,6;1440;13-4-2007
Klaas;van den Bosch;73410042;12-2-1929;Veldhoven;R&R;Assistent;6;0,6;1080;8-10-2014
Thalia;Timmermans;68068924;9-7-1992;Oss;Communicatie;Interieurverzorger;12;1;3600;23-7-2004,
Cas;van der Linden;40063306;7-4-1948;Zandvoort;Communicatie;Assistent;7;0,4;840;26-3-1998
Ilja;Evers;81959950;8-11-1961;Castricum;Management;Chauffeur;11;0,4;1320;15-11-2010
Yvon;van den Velde;73447254;11-2-2007;Berg en Dal;Management;Manager;9;0,6;1620;20-3-1996
Hester;Willemsen;86529077;11-7-1960;Maastricht;Operatie;Chauffeur;12;1;3600;3-4-2010,
Jaap;Jonker;35150950;2-10-1980;Elburg;Communicatie;Stagair;9;0,4;1080;22-4-1996
Ivonne;van der Velden;47032696;6-3-2010;Cuijk;R&R;Manager;6;0,6;1080;4-4-1996
Bente;van der Ven;64883392;3-7-1957;Weert;Operatie;Administratief Medewerker;11;0,8;2640;4-11-2016
Igor;van Doorn;64568262;4-7-1954;Doesburg;Verkoop;Chauffeur;8;0,8;1920;2-1-2015
Arjen;van de Ven;26629944;8-2-1959;Kapelle;Operatie;Chauffeur;7;0,4;840;13-2-2017
Wietske;van der Heijden;45439239;7-7-1984;Stichtse Vecht;Management;Manager;11;0,6;1980;14-5-2008
Sathya;Veenstra;12247780;31-8-1981;Beuningen;Communicatie;Chauffeur;7;0,4;840;12-7-2016
Jip;Peeters;14094932;16-11-1944;De Bilt;Operatie;Chauffeur;11;0,6;1980;2-2-2009
Nathan;Jonker;57474282;9-5-2005;Zoeterwoude;Verkoop;Chauffeur;7;0,6;1260;23-4-2002
Inge;Bosman;70454765;19-7-2004;Smart City;R&R;Chauffeur;9;0,6;1620;2-3-2005
IJsbrand;van der Meulen;44267109;14-2-1995;Gulpen-Wittem;Management;Chauffeur;9;1;2700;21-1-2007,
Jerome;van der Berg;95836928;1-9-1966;Opsterland;R&R;Monteur;9;1;2700;8-4-2002,
Henry;Wolters;92753577;3-10-1994;Waalwijk;Management;Stagair;11;1;3300;29-10-2012,
Noëlla;Vos;34475115;3-10-1982;Drimmelen;Operatie;Interieurverzorger;9;1;2700;3-7-2003,
Louw;van Doorn;95246895;17-3-1981;Smart City;Communicatie;Monteur;11;0,6;1980;3-12-2001
Julian;Verhoeven;95731594;9-4-2011;Oude IJsselstreek;Management;Chauffeur;7;0,6;1260;18-11-2000
Marjolijn;Postma;71646901;8-3-1933;Horst aan de Maas;Verkoop;Administratief Medewerker;6;0,4;720;13-11-1995
Joris;Smeets;65787401;6-7-1936;Rijswijk;Operatie;Chauffeur;6;0,6;1080;19-8-2002
Erica;Evers;21469219;18-2-2002;Geertruidenberg;Communicatie;Interieurverzorger;6;0,4;720;9-8-2006
Marieke;Schouten;94438699;29-10-2005;Smart City;Operatie;Chauffeur;11;0,4;1320;3-1-2003
Jurjen;van der Velden;73276828;10-10-1932;Alphen-Chaam;R&R;Chauffeur;7;1;2100;18-6-1997,
Harold;van der Ven;28506774;12-1-1995;Brunssum;R&R;Stagair;7;0,6;1260;4-2-2011
Gisela;van de Velden;28339145;26-11-1937;Montferland;Verkoop;Chauffeur;9;1;2700;5-1-2003,
Rien;van der Horst;80818597;6-2-1938;Waadhoeke;Verkoop;Interieurverzorger;11;0,8;2640;27-11-2014
Rocco;van der Horst;62606215;1-8-1995;Uithoorn;Management;Assistent;7;0,6;1260;2-12-2008
Harry;Timmermans;37435759;4-5-1976;Heerhugowaard;Communicatie;Manager;10;0,6;1800;20-11-1998
Ferry;van Wijk;57421132;24-6-1936;Druten;Operatie;Stagair;7;0,4;840;25-5-2012
Nelis;van Dam;49104647;29-11-2001;Smart City;Management;Manager;7;0,6;1260;11-8-1999
Jack;de Koning;35752710;31-3-1937;Stein;Operatie;Administratief Medewerker;12;1;3600;20-8-1996,
Juliette;de Graaf;87346109;19-7-1939;Eersel;R&R;Monteur;6;0,6;1080;15-5-2013
Bieke;Visser;70187603;19-3-1999;Cuijk;Management;Chauffeur;10;1;3000;7-6-2012,
Mariëtte;Meijer;87486599;26-6-1938;Deurne;R&R;Manager;8;0,6;1440;2-9-1997
Wilma;de Jong;84402333;13-10-1993;Sint-Michielsgestel;Verkoop;Manager;10;0,4;1200;14-5-2014
Belle;Jacobs;25989169;8-5-1968;Dantumadeel;Communicatie;Administratief Medewerker;12;1;3600;3-11-2014,
Christoffel;van den Pol;40409208;18-2-1955;Heemskerk;R&R;Monteur;9;0,4;1080;30-1-2003
Davy;Vos;77953504;10-2-1962;Smart City;Operatie;Stagair;10;0,8;2400;13-6-2015
Niele;Hermans;78452967;14-6-1936;Bergen;Verkoop;Administratief Medewerker;10;0,6;1800;15-1-2011
Edith;van Leeuwen;64164733;23-3-1937;Terneuzen;Communicatie;Assistent;8;0,4;960;30-11-2001
Lara;Jacobs;33798860;17-4-1941;Leudal;Verkoop;Assistent;8;0,6;1440;13-2-2003
Julia;van Loon;59364680;20-8-1989;Boekel;Verkoop;Team Lead;11;0,6;1980;17-8-2007
Jyrki;de Vos;32731232;26-3-2006;Meierijstad;Communicatie;Chauffeur;6;0,4;720;21-3-2009
Tiny;de Groot;69734483;21-11-1953;Heerenveen;Management;Administratief Medewerker;10;1;3000;5-5-2012,
Bastiaan;van der Pol;71586830;16-3-1955;Veere;Management;Administratief Medewerker;10;0,6;1800;11-7-2008
Scott;de Vos;72251766;25-3-1951;Zuidplas;Management;Administratief Medewerker;11;1;3300;1-5-2011,
Janko;van den Pol;10671925;19-1-1981;Altena;Management;Chauffeur;8;0,8;1920;25-3-2003
Xaverius;Smit;29044635;28-10-1943;Terschelling;R&R;Chauffeur;11;0,6;1980;7-3-2003
Robin;Smeets;41142265;6-11-1941;Sint-Michielsgestel;Verkoop;Manager;7;1;2100;27-4-2014,
Ive;Huisman;98991253;23-11-1988;Langedijk;Operatie;Administratief Medewerker;11;0,6;1980;4-3-2005
Daan;de Jonge;33990646;30-12-1936;Smallingerland;Operatie;Manager;8;0,6;1440;14-12-1995
Victor;van de Meer;90679623;5-4-2011;Altena;Management;Interieurverzorger;8;0,8;1920;30-7-1996
Ron;Peeters;73032126;26-12-1968;De Friese Meren;Operatie;Interieurverzorger;9;0,8;2160;3-7-2002
Damian;de Leeuw;34433787;27-7-1997;Veere;R&R;Chauffeur;8;0,4;960;21-5-2000
istvan;van Vliet;50358838;18-1-1978;Cranendonck;Management;Team Lead;12;0,8;2880;16-7-2000
Sascha;van Beek;95691574;9-7-1978;Haaksbergen;Operatie;Interieurverzorger;10;0,6;1800;23-5-2016
Olga;Jacobs;97228229;8-2-1929;Heerlen;R&R;Administratief Medewerker;12;0,6;2160;2-11-2015
Jantine;Hoekstra;14705771;2-9-1953;Neder-Betuwe;Verkoop;Stagair;9;0,6;1620;19-10-2011
Nadia;Smit;91934093;3-9-1940;Weststellingwerf;Verkoop;Chauffeur;6;0,8;1440;30-8-2015
Gemma;van den Heuvel;50610622;9-10-1947;Leiderdorp;R&R;Chauffeur;12;1;3600;6-4-2007,
Hilco;Willems;30944657;25-2-1984;Smart City;Verkoop;Chauffeur;9;1;2700;15-9-2005,
Zakaria;de Vries;64272233;28-1-2008;Twenterand;Operatie;Interieurverzorger;7;1;2100;10-12-2010,
William;van der Heijden;39578474;24-3-1995;Terschelling;Operatie;Monteur;10;0,8;2400;2-3-2002
Rocco;Kok;84896011;28-6-1987;Roerdalen;Verkoop;Chauffeur;10;0,8;2400;23-2-1999
Harro;Mol;64903008;29-12-1962;Borger-Odoorn;Management;Interieurverzorger;11;1;3300;23-8-2003,
Johan;Jonker;34109638;11-10-2010;Doesburg;Communicatie;Manager;9;0,6;1620;11-7-2004
Victor;van de Brink;97873787;15-6-1930;Schagen;R&R;Assistent;6;0,6;1080;8-7-2009
Tamira;Evers;84591510;4-8-1953;Smart City;Communicatie;Administratief Medewerker;12;1;3600;6-2-2012,
Isaak;de Groot;71728698;1-8-1942;Noardeast-Fryslân;Operatie;Chauffeur;6;0,8;1440;11-6-2004
Emanuel;Bosch;27874814;23-11-2008;Bloemendaal;R&R;Chauffeur;7;0,6;1260;10-2-1997
Margo;Veenstra;79418388;20-10-1976;Assen;Operatie;Chauffeur;10;0,6;1800;19-5-2004
Fiene;van Leeuwen;75798642;6-5-1949;Hillegom;R&R;Monteur;9;0,8;2160;30-9-2005
Gilles;Vink;27343391;12-9-1942;'s-Hertogenbosch;Operatie;Chauffeur;11;0,8;2640;27-2-2009
Mustafa;de Leeuw;83372476;11-8-1965;Son en Breugel;Management;Monteur;9;1;2700;13-2-2013,
Uri;Brouwer;61706791;20-5-1996;Roerdalen;Communicatie;Chauffeur;7;0,4;840;23-5-2000
Florianus;van der Horst;72285158;19-12-1938;IJsselstein;R&R;Stagair;7;0,6;1260;7-6-2009
Sigmund;van der Horst;71677452;21-7-1966;Medemblik;Communicatie;Manager;7;1;2100;23-5-2001,
Cornelius;de Haan;85761236;6-2-2002;Uitgeest;Operatie;Assistent;12;0,6;2160;16-11-2009
Lisa;van den Broek;50775839;1-3-1942;Veendam;Communicatie;Chauffeur;10;1;3000;5-8-2014,
Lex;Kramer;21166614;21-10-1993;Hellendoorn;Communicatie;Monteur;11;1;3300;19-2-2005,
Edgar;van Loon;84425198;9-9-1973;Almere;Management;Chauffeur;7;0,6;1260;3-2-2013
Naut;Kuiper;54050656;26-8-2014;Urk;Operatie;Chauffeur;11;0,8;2640;30-8-2003
Femke;Maas;25067214;23-9-1947;Uden;Management;Manager;7;0,8;1680;4-8-2008
Marnick;Janssen;28977130;4-8-1940;Smart City;R&R;Assistent;8;0,8;1920;13-5-2000
Carlijn;Bakker;92431653;16-8-1990;Bunnik;Communicatie;Team Lead;9;0,6;1620;20-2-2008
Tjitske;de Ruiter;41540065;31-3-1937;Hoogeveen;R&R;Assistent;12;0,6;2160;27-4-2005
Wolter;van der Velde;41332325;19-7-1966;Reimerswaal;Communicatie;Chauffeur;12;0,4;1440;20-6-1997
Fien;Postma;33885248;20-1-1960;Oldenzaal;Communicatie;Assistent;10;0,6;1800;15-4-2001
Yara;van Dijk;90800551;29-1-1973;Laren;Verkoop;Administratief Medewerker;9;0,4;1080;19-11-2003
Tjeerd;van der Meer;77026440;5-11-1952;Harderwijk;R&R;Chauffeur;9;0,6;1620;7-1-2000
Theresia;van Veen;48818252;1-10-2006;Veendam;Communicatie;Interieurverzorger;8;1;2400;10-7-2017,
Lois;de Leeuw;73945909;19-6-1967;Veldhoven;Verkoop;Administratief Medewerker;12;0,8;2880;18-1-2012
Sumano;de Wit;84104487;29-12-1962;Arnhem;Operatie;Assistent;6;0,8;1440;14-2-2014
Louis;de Wit;83364061;22-10-2006;Westvoorne;Verkoop;Administratief Medewerker;7;0,8;1680;21-9-2007
Quinten;van den Brink;20125065;4-4-1982;Kampen;Communicatie;Stagair;10;0,8;2400;16-8-2005
Daisy;Meijer;31107273;19-10-1960;Lisse;Communicatie;Monteur;6;1;1800;6-7-2000,
Hubert;de Wit;42651011;25-1-2011;Vlieland;R&R;Manager;7;0,6;1260;15-7-1998
Arnoud;van der Meulen;23369305;8-12-1974;Alphen-Chaam;Communicatie;Stagair;11;0,8;2640;19-10-2015
Okan;van den Pol;52470974;22-5-1966;Smart City;Operatie;Chauffeur;8;1;2400;18-6-2004,
Hedwig;Timmermans;80862682;10-11-1975;Bunnik;R&R;Chauffeur;9;1;2700;21-12-1996,
Tara;van der Heyden;53087827;26-6-1999;Soest;Management;Assistent;10;1;3000;26-4-2007,
Erik;Kuiper;50269464;4-12-1998;Reusel-De Mierden;Verkoop;Administratief Medewerker;8;0,4;960;6-5-2012
Ymke;Meijer;56645079;31-7-2006;Brunssum;Verkoop;Administratief Medewerker;8;0,4;960;28-3-2009
Tijs;Groen;43758917;3-11-1942;Moerdijk;Communicatie;Stagair;6;0,4;720;27-11-2003
Lancelot;Kuypers;70190240;20-7-2011;Enschede;Communicatie;Chauffeur;6;0,4;720;13-11-2016
Sjaak;van den Brink;51386490;23-11-1940;Smart City;R&R;Chauffeur;9;0,4;1080;6-6-2001
Robin;van Leeuwen;48740604;11-11-1996;Smart City;R&R;Manager;11;0,8;2640;23-3-1998
Willemijn;Kuiper;87112833;13-7-1972;Terneuzen;Communicatie;Chauffeur;7;0,6;1260;18-2-2010
Sean;van der Ven;94445557;26-9-1978;Heemstede;R&R;Monteur;6;0,4;720;11-12-2005
Corine;Evers;81543140;22-10-1954;Ede;Communicatie;Administratief Medewerker;10;0,6;1800;30-11-1996
Shimon;Hermans;46821199;22-6-1978;Delft;Operatie;Assistent;12;0,8;2880;26-12-2002
Zeger;Huisman;48662128;21-7-2002;Utrecht;Operatie;Monteur;10;0,6;1800;28-9-1999
Abram;van Veen;14332296;16-8-1941;Meppel;Communicatie;Chauffeur;9;0,8;2160;12-4-2009
Ramona;Sanders;99675466;5-11-1960;Goes;Management;Administratief Medewerker;8;0,4;960;6-8-2009
Kieran;van Beek;27253353;13-3-1930;Druten;Verkoop;Assistent;11;0,8;2640;22-9-2001
Abram;Schipper;44424798;5-10-2005;Weststellingwerf;Management;Chauffeur;11;1;3300;27-5-2007,
Wietse;de Bruijn;71575789;23-7-1930;Beek;R&R;Team Lead;6;0,8;1440;5-12-1995
Jielis;van de Brink;38176047;9-5-1987;Gooise Meren;Verkoop;Monteur;6;1;1800;24-5-2001,
Alicia;Peters;63145791;26-7-1997;Smart City;R&R;Monteur;6;0,8;1440;18-3-2008
Nathalie;Visser;32810756;31-8-1940;Rheden;R&R;Interieurverzorger;8;0,8;1920;3-6-2012
Jeffrey;de Haan;27244308;9-7-1945;Zuidplas;Communicatie;Chauffeur;9;0,6;1620;13-6-2002
Mathilde;de Bruin;13481055;9-7-1987;Smart City;Communicatie;Chauffeur;10;1;3000;7-7-2010,
Lindsey;de Vries;87999810;31-1-1943;Tubbergen;Verkoop;Chauffeur;8;0,6;1440;7-2-2007
Gabriëlle;van de Meer;17366321;25-8-2006;Smart City;Operatie;Monteur;11;0,6;1980;6-6-2013
Kenny;Kok;99620206;17-3-1980;De Wolden;Operatie;Chauffeur;11;1;3300;8-4-2000,
Lucia;Hofman;75150282;7-6-1962;Leeuwarden;Verkoop;Administratief Medewerker;8;0,8;1920;16-8-2000
Annet;van Doorn;28296236;26-2-1984;Woerden;Management;Monteur;8;0,6;1440;27-5-2011
Lorenz;de Koning;87154300;16-6-1999;Ooststellingwerf;Operatie;Administratief Medewerker;11;0,4;1320;23-5-2012
Barry;Smeets;54940753;14-2-1939;Hillegom;R&R;Chauffeur;7;1;2100;2-12-2011,
Sibert;van Beek;45275115;29-10-1985;Capelle aan den IJssel;R&R;Monteur;12;0,4;1440;2-2-2006
Linde;Martens;17559965;27-9-2006;Gemert-Bakel;Management;Chauffeur;9;1;2700;20-3-2013,
Melissa;van de Berg;81832625;15-11-1983;Appingedam;Verkoop;Chauffeur;9;0,6;1620;10-2-1998
Aleida;van Dijk;90745646;11-8-2012;West Betuwe;R&R;Monteur;12;1;3600;12-7-2003,
Eddy;Bosch;25445912;5-2-1938;Sliedrecht;Verkoop;Chauffeur;6;0,4;720;12-12-2006
Cedric;Bosch;44767546;2-11-1952;Tubbergen;Verkoop;Chauffeur;10;0,4;1200;23-11-2014
Zeno;Jansen;22331778;11-3-1978;Smart City;R&R;Assistent;10;0,6;1800;18-4-2014
Dora;Mulder;20769534;6-2-2012;Den Helder;Management;Assistent;11;0,4;1320;4-3-1998
Luc;van der Berg;79805622;30-7-1997;Zoeterwoude;Communicatie;Interieurverzorger;12;0,4;1440;17-1-2009
Daisy;van der Meulen;95264115;2-3-1952;Voorschoten;R&R;Chauffeur;12;1;3600;27-6-1998,
Pleun;van Beek;93376229;12-6-1942;Tiel;Verkoop;Administratief Medewerker;9;1;2700;17-11-2004,
Tijs;de Leeuw;22627092;6-7-1935;Oudewater;Management;Manager;10;0,8;2400;7-3-2002
Sus;van der Veen;90314212;2-1-2004;Hellendoorn;Management;Assistent;9;0,4;1080;27-12-2014
Volkert;Sanders;77300172;12-9-2011;Boekel;R&R;Chauffeur;7;0,6;1260;18-12-2004
Shimon;Meijer;99935107;7-10-1933;Westerwolde;Communicatie;Manager;11;1;3300;17-5-2001,
Isaac;Hendriks;60815199;11-9-2001;Stichtse Vecht;R&R;Chauffeur;8;1;2400;20-3-2012,
Esmeralda;van der Ven;19030937;10-10-1937;Twenterand;Communicatie;Manager;11;0,8;2640;16-4-2011
Audrey;van de Ven;56817474;27-7-1958;Weststellingwerf;R&R;Team Lead;12;1;3600;10-9-2009,
Inger;Boer;45457289;9-2-1972;Purmerend;Operatie;Manager;6;0,4;720;13-4-1998
Jory;van de Meer;78591859;31-1-1995;Tietjerksteradeel;Management;Team Lead;9;0,8;2160;16-1-2004
Boy;Mol;72019959;8-2-2002;Zuidplas;Verkoop;Chauffeur;11;0,8;2640;31-8-2007
Mattijn;van der Wal;37314585;19-5-1957;Landerd;R&R;Administratief Medewerker;11;0,4;1320;9-11-1995
Antonia;Martens;50862322;8-6-1945;Dongen;Management;Chauffeur;7;0,4;840;19-10-2013
Tijs;van de Veen;38082197;25-2-1943;Kampen;Operatie;Stagair;9;0,4;1080;13-2-1998
Eline;de Koning;74408496;31-8-1943;Wierden;Management;Team Lead;6;0,6;1080;28-12-1998
Jurre;de Ruiter;11706359;11-3-2000;Waterland;Management;Assistent;12;0,8;2880;10-9-2008
Inger;van den Broek;87183367;5-7-1932;Noordwijk;R&R;Manager;7;0,6;1260;7-2-1999
Liam;Smits;68560589;30-5-1994;Den Haag ('s-Gravenhage);Verkoop;Stagair;11;0,6;1980;22-12-2012
Paul;Koning;33733112;24-9-1986;Enkhuizen;Communicatie;Chauffeur;12;0,4;1440;19-11-2013
Mijndert;Kuipers;12872890;4-2-1987;Zoeterwoude;R&R;Chauffeur;8;0,4;960;28-9-2015
Freddie;Schouten;24918961;21-7-1933;Brielle;Management;Chauffeur;11;1;3300;7-12-2007,
Jentsje;Vermeulen;92361475;14-6-1972;Sint Anthonis;R&R;Assistent;9;0,6;1620;14-4-2015
Wilma;van Vliet;14203733;17-2-1986;Den Haag ('s-Gravenhage);Operatie;Team Lead;6;0,6;1080;13-9-2014
Ewout;van den Bosch;72997108;11-10-1961;Veere;Verkoop;Chauffeur;7;0,8;1680;11-5-2006
Jouke;Willems;83519032;27-2-1950;Halderberge;Verkoop;Chauffeur;11;1;3300;1-9-2012,
Graad;Postma;71092150;26-8-2011;IJsselstein;R&R;Chauffeur;6;1;1800;13-5-2014,
Leroy;van den Heuvel;85217792;9-5-2007;Berkelland;R&R;Administratief Medewerker;9;0,8;2160;5-3-1996
Emiel;Postma;95355449;27-3-1944;Sluis;Operatie;Chauffeur;12;0,8;2880;3-6-2010
Rein;van Dongen;16740321;28-12-1988;De Friese Meren;R&R;Monteur;9;1;2700;12-11-2010,
Marcel;van de Velde;86818366;5-3-2006;Wijk bij Duurstede;Management;Assistent;7;0,8;1680;1-9-2017
Jannes;van Wijk;62861032;9-6-2008;Haarlemmermeer;Operatie;Team Lead;8;0,4;960;8-9-2001
Björn;van Doorn;61888698;9-10-1939;Rheden;Operatie;Administratief Medewerker;12;0,4;1440;26-2-2010
Deborah;Hendriks;89265697;8-5-1947;Smart City;Management;Monteur;11;0,8;2640;30-10-2011
Nina;van der Heijden;95523696;7-3-2010;Texel;Verkoop;Interieurverzorger;11;0,6;1980;31-10-2003
Kyra;van der Heijden;34548710;13-1-2013;Hoorn;Communicatie;Manager;9;0,6;1620;30-12-2000
Salvador;de Bruijn;17901396;9-6-1953;Drechterland;R&R;Chauffeur;6;1;1800;27-8-2014,
Corné;van de Velde;18363500;24-3-1941;Almere;Operatie;Chauffeur;9;0,8;2160;2-12-2006
Sterre;de Lange;73285720;7-10-1929;Zwijndrecht;Operatie;Manager;11;0,6;1980;3-1-2011
Giovanni;Martens;52504492;9-9-1983;Drechterland;Management;Administratief Medewerker;12;0,6;2160;23-2-2011
Mirthe;Kok;43343853;22-3-1932;Tietjerksteradeel;Verkoop;Chauffeur;8;0,4;960;22-7-2004
Simeon;van de Meer;25451485;31-7-1949;Heeze-Leende;R&R;Assistent;7;0,4;840;29-4-2005
Yuri;Koning;69725704;25-1-1928;Opsterland;Verkoop;Chauffeur;12;0,8;2880;6-4-2009
Carlos;Sanders;41561432;28-8-1941;Renkum;Management;Chauffeur;9;1;2700;23-11-2007,
Sape;van de Meer;87358266;1-12-1952;Rucphen;Management;Chauffeur;11;0,4;1320;8-3-2010
Aäron;Schipper;20280208;25-3-1997;Apeldoorn;Communicatie;Administratief Medewerker;11;0,4;1320;5-1-2007
Laetitia;van de Wal;62672077;14-6-1976;Valkenburg aan de Geul;Communicatie;Administratief Medewerker;11;0,6;1980;1-9-1998
Luc;van der Meulen;51536475;10-2-1931;De Bilt;R&R;Administratief Medewerker;9;0,8;2160;27-7-2010
Wendy;Koster;40707043;12-11-1939;Doetinchem;R&R;Team Lead;11;1;3300;14-11-1996,
Emerson;van der Veen;97432451;25-6-1945;Gilze en Rijen;Communicatie;Monteur;10;0,6;1800;5-11-2002
Paula;de Jong;12894350;23-4-1964;Leidschendam-Voorburg;Management;Chauffeur;12;1;3600;31-8-2001,
Harmke;van de Ven;68746147;16-12-1959;Montferland;Operatie;Interieurverzorger;9;1;2700;19-12-2003,
Raoul;van den Heuvel;37072418;28-6-1960;Alphen-Chaam;Verkoop;Chauffeur;9;0,8;2160;2-5-2007
Egon;van der Horst;11638242;24-4-1946;Texel;R&R;Assistent;8;0,8;1920;3-7-2000
Petronella;Koster;74734555;13-2-2000;Dalfsen;Operatie;Administratief Medewerker;8;0,8;1920;22-2-1998
Silvijn;van den Pol;93359754;25-11-1958;Hoorn;R&R;Interieurverzorger;10;0,4;1200;31-8-2010
Esra;van der Pol;67931894;8-11-1976;Brummen;Verkoop;Assistent;10;0,4;1200;16-1-2015
Luca;van den Velden;76758877;26-10-1945;Zwartewaterland;Verkoop;Chauffeur;11;0,6;1980;6-8-2002
Gary;van der Linden;77591366;9-12-1974;Heerenveen;Communicatie;Interieurverzorger;8;0,6;1440;24-11-2004
Nienke;van der Meer;28158319;26-7-1994;Cranendonck;R&R;Administratief Medewerker;7;0,6;1260;30-9-2009
August;Willems;57611182;6-11-2012;Terschelling;Verkoop;Chauffeur;11;0,6;1980;21-5-1996
Jozias;van de Brink;79970691;20-6-1927;Westervoort;R&R;Monteur;10;1;3000;28-8-2008,
Mariëtte;van der Heyden;55646574;23-5-1943;Oldebroek;Operatie;Stagair;6;0,8;1440;11-8-2016
Harold;Mulder;71770992;19-5-1951;Lochem;Communicatie;Chauffeur;8;0,4;960;22-10-2011
Wies;van Wijk;84629090;18-2-1984;Laren;Verkoop;Monteur;10;1;3000;1-12-2016,
Nauth;Peeters;88301731;30-9-2003;Bergeijk;Operatie;Chauffeur;6;0,8;1440;11-2-2012
Els;de Lange;32086864;4-11-1935;Woensdrecht;Communicatie;Interieurverzorger;10;0,8;2400;13-11-2011
Ivar;van der Heijden;48253584;15-11-2000;Veenendaal;Operatie;Manager;12;1;3600;29-11-1998,
Mila;van den Berg;37239712;25-6-2001;Barneveld;Management;Manager;9;1;2700;8-8-2008,
Beau;de Lange;84095974;9-1-1969;Aa en Hunze;Operatie;Interieurverzorger;10;0,8;2400;9-5-2008
Levenez;Peeters;18482494;3-7-2006;Best;R&R;Interieurverzorger;11;0,4;1320;11-5-2002
Davy;Koning;25505250;22-9-1961;Tiel;Operatie;Chauffeur;8;0,4;960;2-12-1995
Joan;de Graaf;31981901;20-9-2011;Wageningen;Management;Manager;9;0,6;1620;24-9-1996
Jeanine;Bakker;36093808;1-5-1934;Vlaardingen;Communicatie;Chauffeur;10;1;3000;6-4-1997,
Ilona;van Beek;45456253;16-12-1983;Smart City;R&R;Chauffeur;12;0,6;2160;31-3-1996
William;de Leeuw;82618638;18-11-2014;Beek;Operatie;Chauffeur;10;0,4;1200;1-10-2011
Gabriël;Hofman;89412866;24-10-1964;Rozendaal;Management;Interieurverzorger;7;0,4;840;28-10-1999
Joram;Gerritsen;77705356;23-5-1964;Velsen;Operatie;Manager;10;0,8;2400;26-11-2013
Arjen;Kuijpers;80538205;29-9-2011;Opmeer;Operatie;Team Lead;10;1;3000;12-11-1999,
Greta;Meijer;93410231;6-1-1985;Albrandswaard;R&R;Interieurverzorger;7;0,6;1260;3-5-1998
Merlijn;van den Bosch;20548404;9-3-1937;Smart City;Management;Team Lead;8;0,6;1440;12-3-1996
Ilonka;van den Bosch;93851882;29-12-2003;Dordrecht;R&R;Team Lead;6;0,6;1080;1-8-2016
Har;Brouwer;91296376;22-12-1947;Oude IJsselstreek;Operatie;Administratief Medewerker;11;1;3300;16-9-1998,
Huub;Maas;42069685;6-11-1985;Nieuwkoop;Communicatie;Chauffeur;10;1;3000;28-11-2013,
Belinda;Hermans;66383232;8-4-1966;Baarn;Communicatie;Chauffeur;7;0,8;1680;2-9-1996
Remi;van de Meer;57789921;5-4-1951;Smart City;Verkoop;Chauffeur;11;0,8;2640;25-2-1996
Gijsbert;de Bruyn;52291293;10-10-1944;Oegstgeest;Management;Chauffeur;10;0,4;1200;5-8-2009
Trijntje;Schouten;79259620;23-2-1951;Smart City;Communicatie;Chauffeur;9;0,6;1620;6-1-2000
Hine;van den Broek;12906722;19-7-1985;Bladel;Verkoop;Administratief Medewerker;10;0,6;1800;8-7-1996
Patrick;Boer;27503085;27-12-1927;Peel en Maas;Verkoop;Chauffeur;10;0,4;1200;24-9-2011
Erwin;van Vliet;42512907;23-1-1949;Meppel;Operatie;Administratief Medewerker;8;0,6;1440;5-2-2004
Lard;Kuiper;13271159;12-2-1947;De Ronde Venen;R&R;Administratief Medewerker;10;1;3000;29-12-1996,
Ine;Blom;46683534;2-10-1962;Velsen;Operatie;Monteur;10;0,8;2400;20-11-2013
Günther;Koster;61161687;7-3-1952;Smart City;Management;Interieurverzorger;9;0,8;2160;11-10-2004
Letitia;Groen;20551919;7-2-1989;Veendam;Communicatie;Administratief Medewerker;6;0,4;720;12-11-2015
Janos;Sanders;89645403;10-3-1964;Zeist;Management;Chauffeur;7;0,8;1680;22-10-1999
Olkanson;Jonker;25303971;16-9-1949;Delft;Operatie;Chauffeur;7;0,6;1260;11-2-2015
Theodora;Smeets;14325160;5-5-1937;Vijfheerenlanden;Communicatie;Stagair;7;1;2100;26-1-2000,
Iwan;van Beek;52772166;12-7-1971;Sint-Michielsgestel;Management;Administratief Medewerker;10;0,8;2400;2-2-2014
Alexander;van den Berg;21471586;16-5-2009;Smart City;Operatie;Chauffeur;11;1;3300;30-9-2004,
Ryan;van den Brink;78908921;1-9-1958;Tynaarlo;R&R;Administratief Medewerker;8;0,4;960;15-10-2016
Moreno;Hofman;27514705;7-3-1944;Smart City;Management;Interieurverzorger;9;0,4;1080;28-12-2007
Jon;van Vliet;74820507;19-7-1927;Boekel;Management;Team Lead;9;0,8;2160;17-12-2014
Ronald;Peters;74753317;24-5-1966;Bloemendaal;Management;Chauffeur;8;0,8;1920;12-5-2010
Jort;Kuiper;36565088;6-12-1964;Hoeksche Waard;R&R;Chauffeur;9;1;2700;5-6-2007,
Cecilia;van Loon;28562913;8-3-1988;Roerdalen;R&R;Team Lead;8;0,8;1920;17-1-2005
Ada;Hendriks;89260419;22-9-1985;Raalte;Communicatie;Monteur;8;0,8;1920;7-3-2007
Sylvia;Smit;90445654;25-10-1993;Berkelland;Verkoop;Chauffeur;8;0,4;960;25-4-1996
Lianne;Vos;29098145;16-2-1984;Mill en Sint Hubert;Management;Stagair;10;0,6;1800;8-4-2011
Jihan;Jonker;19170191;3-6-1981;Enschede;Communicatie;Monteur;6;1;1800;27-3-2017,
Bregje;Peters;86001797;2-3-1994;Hof van Twente;Communicatie;Stagair;7;0,8;1680;30-4-2014
Karen;de Vries;24366698;24-11-1980;Heemskerk;Communicatie;Administratief Medewerker;10;0,6;1800;5-1-2010
Christina;de Haan;50422624;21-5-1935;Den Helder;Communicatie;Administratief Medewerker;11;0,4;1320;29-3-2007
Stijn;Wolters;77909320;27-8-2005;Boxtel;Communicatie;Chauffeur;11;0,8;2640;2-8-2011
Servien;van Loon;28759273;2-4-1993;Terneuzen;Management;Stagair;6;0,8;1440;29-4-2016
Andreas;van den Pol;25662034;8-12-1998;Maastricht;Management;Chauffeur;7;0,4;840;30-7-2012
Marleen;Jonker;55372278;9-1-1947;Horst aan de Maas;Communicatie;Chauffeur;8;0,8;1920;24-3-2008
Rachel;Meijer;44849187;21-9-1997;Wageningen;Management;Manager;9;0,6;1620;4-8-2006
Octaaf;Verhoeven;58753835;29-11-1965;Eemnes;Operatie;Monteur;6;1;1800;30-3-2010,
Jarno;Kuiper;28695536;13-12-1934;Loon op Zand;Verkoop;Administratief Medewerker;11;0,4;1320;10-3-2008
Servien;Kramer;64271489;1-12-1942;Noardeast-Fryslân;Operatie;Chauffeur;9;0,6;1620;3-4-2002
Adelheid;Mulder;29850273;23-4-1957;Nederweert;Verkoop;Team Lead;12;1;3600;28-3-2012,
Andreas;van der Heijden;33618199;18-8-2001;Cuijk;Operatie;Interieurverzorger;10;0,6;1800;6-1-2008
Brandon;Janssen;15985217;29-9-1973;Overbetuwe;Management;Chauffeur;9;0,4;1080;9-5-1998
Igor;van de Ven;71532778;9-11-1984;Schiedam;Operatie;Chauffeur;10;1;3000;6-11-2001,
Lotte;Evers;39613551;11-11-1994;Maastricht;Verkoop;Manager;8;0,6;1440;7-10-2004
Marian;Hendriks;86824765;30-7-1996;Rucphen;R&R;Chauffeur;9;1;2700;31-12-2001,
Jeroen;Kuiper;70594654;21-1-1968;Uitgeest;Operatie;Chauffeur;11;0,8;2640;4-4-2005
Siebren;van Leeuwen;67525846;31-7-1993;Deventer;Communicatie;Assistent;12;1;3600;12-10-2009,
Emilie;van den Broek;96848395;26-11-1938;Eijsden-Margraten;Verkoop;Stagair;10;0,6;1800;22-7-2015
Jean;Hofman;36451867;20-8-1985;Nijmegen;Communicatie;Interieurverzorger;9;1;2700;12-3-2008,
Ishan;Smit;20861484;25-2-1936;Zundert;Verkoop;Team Lead;7;0,4;840;4-5-2011
Pleun;van de Veen;45210561;7-4-1944;Utrechtse Heuvelrug;Operatie;Team Lead;10;1;3000;31-12-1998,
Hope;van der Ven;64034892;28-5-1973;Putten;Management;Team Lead;6;0,6;1080;12-2-2010
Greta;de Jong;73587587;18-10-1947;Kaag en Braassem;R&R;Team Lead;6;0,8;1440;12-9-2000
Gerrie;de Bruin;29146225;10-6-1991;Etten-Leur;Management;Interieurverzorger;12;0,6;2160;23-4-2001
Isabel;van der Linden;70132709;4-3-1935;Culemborg;Operatie;Administratief Medewerker;10;0,6;1800;7-11-2013
Philippe;van den Broek;69376183;24-1-1934;Waalwijk;Verkoop;Team Lead;10;1;3000;19-8-2017,
Noah;van den Heuvel;67210561;22-11-1981;Smart City;R&R;Chauffeur;12;0,8;2880;5-2-1997
Beau;van der Heijden;51354636;8-4-1955;Texel;Management;Administratief Medewerker;6;0,4;720;2-2-1999
Carolien;de Leeuw;71387193;23-3-2005;Beek;Verkoop;Manager;7;0,6;1260;6-6-1998
Milano;van der Meer;40014253;7-9-1987;Beemster;Verkoop;Monteur;10;1;3000;22-3-2017,
Ramona;van Wijk;10615687;25-11-1962;Oegstgeest;Operatie;Interieurverzorger;9;0,8;2160;24-9-2003
Emmy;Kramer;21899778;28-6-2006;Lochem;Operatie;Administratief Medewerker;8;0,6;1440;6-11-1997
Odin;de Jong;69797838;5-7-1998;Goes;Operatie;Chauffeur;7;0,6;1260;20-9-2014
Willy;Bosman;96536592;23-10-1957;Smart City;R&R;Administratief Medewerker;11;0,4;1320;17-5-2006
Arend;van den Pol;17012942;25-12-1972;Twenterand;Management;Chauffeur;7;0,8;1680;31-5-2013
Geert;Dijkstra;51350107;24-5-1972;Hoogeveen;R&R;Monteur;7;1;2100;5-3-2017,
Lard;Kramer;85166391;2-3-1932;Tietjerksteradeel;Communicatie;Stagair;9;0,6;1620;19-8-1996
Joanna;Schipper;69563818;19-3-1942;Nederweert;Management;Chauffeur;10;0,8;2400;11-4-1997
Sabrina;Koning;66260258;11-3-1992;Heerhugowaard;R&R;Assistent;8;1;2400;23-12-1998,
Greta;Huisman;25055580;9-8-1957;Wageningen;Operatie;Interieurverzorger;12;0,4;1440;20-5-1997
Angelique;de Bruin;42470544;15-4-1938;Altena;Communicatie;Administratief Medewerker;11;0,6;1980;20-8-2013
Christel;Kuiper;58306524;20-8-1977;Waterland;R&R;Chauffeur;8;0,8;1920;16-9-2013
Devi;Kok;32300189;18-11-1963;Nunspeet;R&R;Stagair;6;0,8;1440;18-12-2006
Ramona;van der Veen;55201427;12-8-1934;Wijchen;Communicatie;Chauffeur;10;0,6;1800;26-6-2013
Sylvester;Kuiper;60648859;13-7-1949;Loon op Zand;Communicatie;Administratief Medewerker;7;1;2100;22-4-2016,
Erik;van der Berg;34139593;26-11-1932;Beek;Management;Manager;6;1;1800;7-3-2006,
Veronica;van der Horst;71909246;12-1-1975;Bunschoten;Management;Manager;7;0,8;1680;29-7-2008
Arnout;van Wijk;53706167;13-3-1985;Smart City;Verkoop;Assistent;8;1;2400;30-6-2012,
Stefan;van de Velde;36842705;25-4-1977;Tynaarlo;Verkoop;Stagair;8;0,4;960;19-12-2003
Zander;van Dongen;93141789;10-3-1996;Smart City;Operatie;Chauffeur;11;0,8;2640;29-8-2012
Vera;Mulder;23291846;13-5-1974;Rhenen;Communicatie;Chauffeur;6;0,6;1080;12-11-2000
Roald;van Wijk;38273730;26-7-1935;Nunspeet;Communicatie;Stagair;8;0,8;1920;12-8-1996
Sami;van de Wal;91234058;22-7-2011;Weesp;Communicatie;Chauffeur;9;1;2700;7-1-2000,
Nathaniël;de Lange;83364428;22-1-2006;Utrecht;Communicatie;Chauffeur;8;0,6;1440;27-4-2012
Sibren;van der Velde;56969278;26-4-1977;Heemskerk;Management;Monteur;10;0,4;1200;29-4-2000
Urbanus;van Vliet;40821236;10-7-1994;Oss;R&R;Administratief Medewerker;11;0,4;1320;29-6-1996
Emilia;van den Broek;89244964;6-2-1966;Oost Gelre;R&R;Stagair;10;0,8;2400;6-7-1997
Gerrit;Dekker;48914278;16-1-1937;Berg en Dal;Management;Manager;9;0,6;1620;22-9-2002
Xavier;de Vos;62784816;14-12-1965;Eemnes;Management;Chauffeur;6;0,8;1440;3-6-2009
Gijsbert;Smits;47507640;19-5-2012;Bladel;Management;Administratief Medewerker;9;1;2700;2-3-2005,
Marike;Vink;91443682;12-6-1968;Laren;Communicatie;Stagair;10;1;3000;5-5-2015,
Johan;van Vliet;43167336;4-7-1936;Smart City;Management;Chauffeur;11;1;3300;28-1-2001,
Joran;Kuiper;99593228;24-9-1987;Veere;R&R;Team Lead;12;0,8;2880;10-8-1998
Fokke;de Graaf;41551263;5-10-2003;Winterswijk;Communicatie;Stagair;9;0,4;1080;11-3-2011
Darya;van den Brink;56060012;3-1-1966;Olst-Wijhe;Management;Team Lead;9;1;2700;8-5-2017,
Roelof;Kuijpers;90138755;19-9-1974;Smart City;Operatie;Interieurverzorger;8;0,8;1920;11-3-2014
Elize;van de Velde;28806101;9-8-1941;Boekel;Communicatie;Chauffeur;11;0,4;1320;20-8-2008
Jordy;Huisman;24663780;8-11-1979;Haaren;Management;Chauffeur;6;1;1800;29-6-2004,
Zakaria;van der Velde;18266997;14-7-2004;Smart City;Verkoop;Stagair;12;1;3600;13-4-2007,
Rogier;Driessen;63479685;19-7-1931;Woensdrecht;R&R;Stagair;12;0,6;2160;7-2-2010
Luca;Gerritsen;48186084;15-3-1967;Smart City;Operatie;Chauffeur;10;1;3000;22-12-1998,
Chris;van Dijk;62594921;21-3-1962;Tholen;Operatie;Interieurverzorger;11;0,6;1980;10-7-2008
Priscilla;van Dongen;84593623;2-6-1981;Heerenveen;R&R;Monteur;12;1;3600;14-1-1997,
Desirée;Wolters;96525631;26-1-2002;Buren;Communicatie;Stagair;10;1;3000;14-10-2005,
Hermen;Evers;76766078;8-5-1984;Deurne;Communicatie;Manager;8;0,4;960;18-5-2014
Céline;Driessen;39218230;18-5-1939;Zandvoort;R&R;Chauffeur;9;1;2700;5-5-2017,
Silvijn;Dijkstra;35434751;18-3-1974;Raalte;R&R;Assistent;12;1;3600;24-3-2007,
Marissa;Meijer;12307395;28-9-1994;Westerveld;R&R;Assistent;7;0,8;1680;7-7-2003
Nick;Hoekstra;58164304;22-9-1928;Medemblik;Communicatie;Chauffeur;8;1;2400;5-6-2008,
Bianca;Brouwer;24758230;27-4-1939;Veldhoven;Operatie;Administratief Medewerker;8;0,8;1920;31-7-2014
Connor;Martens;44542487;13-2-1968;Cranendonck;R&R;Interieurverzorger;11;0,4;1320;27-5-2004
Marina;Dijkstra;51745303;21-10-2006;Hardenberg;Management;Chauffeur;7;0,8;1680;20-2-2003
Pepijn;de Vos;32680050;25-12-1986;Renkum;Verkoop;Chauffeur;10;0,4;1200;16-6-2007
Olivia;van Dam;48473320;4-12-1991;Voerendaal;R&R;Interieurverzorger;11;0,4;1320;21-11-2013
Anthonie;Schipper;59894701;3-1-1984;Smart City;Communicatie;Monteur;8;0,4;960;22-9-2005
Martine;van der Meulen;75571665;29-8-2008;Haarlemmermeer;Verkoop;Monteur;9;0,4;1080;16-4-2017
Esmée;Hendriks;41401670;15-5-1948;Leidschendam-Voorburg;Verkoop;Team Lead;7;0,4;840;11-6-2012
Cornelis;de Jong;55238048;5-2-1956;Maasdriel;Communicatie;Chauffeur;6;0,6;1080;15-11-2015
Kitty;Kuipers;11588499;21-1-1972;Etten-Leur;Operatie;Monteur;7;0,8;1680;7-12-1998
Danny;de Lange;52693334;17-3-1935;Smart City;Management;Assistent;8;0,4;960;11-7-2008
Idse;van de Velden;26100888;14-9-1973;Hellevoetsluis;Communicatie;Interieurverzorger;10;1;3000;20-11-1995,
Stefano;de Bruijn;89970219;7-4-1933;Smart City;Operatie;Manager;7;0,6;1260;13-2-2004
Rakesh;van der Meer;23796568;1-11-1974;Beekdaelen;Management;Stagair;9;1;2700;28-6-2007,
Korneel;van Vliet;74723538;31-10-1973;Ameland;R&R;Administratief Medewerker;11;0,4;1320;16-6-2008
Fenne;de Koning;10196309;29-11-1938;Vlieland;Operatie;Chauffeur;12;0,8;2880;15-6-2004
William;Kok;95655761;11-9-1960;Schouwen-Duiveland;R&R;Assistent;10;0,6;1800;25-10-2006
Rianne;Bosch;89324693;13-8-2004;Utrecht;Management;Interieurverzorger;12;1;3600;7-1-1997,
Logan;van Dijk;44854591;1-9-1929;Horst aan de Maas;R&R;Stagair;11;0,8;2640;8-5-2000
Karl;van de Wal;33608906;16-5-1973;Smart City;Verkoop;Team Lead;11;1;3300;6-3-1996,
Jeremy;van den Pol;99889188;30-9-1967;Smart City;Management;Administratief Medewerker;11;0,4;1320;16-9-1997
William;van der Velde;72558789;19-2-1983;Geldrop-Mierlo;Communicatie;Chauffeur;8;0,8;1920;14-7-2017
Raf;van den Bosch;72341588;9-7-1989;Nieuwkoop;Operatie;Assistent;12;0,6;2160;30-9-1997
Willemijn;van de Veen;17016596;14-1-1942;Buren;R&R;Manager;7;0,8;1680;17-10-2011
Riny;van Wijk;11401038;20-7-1957;Smart City;Operatie;Chauffeur;6;0,8;1440;14-10-2009
Jurriaan;de Vos;89923283;15-2-1943;Meppel;R&R;Stagair;9;0,4;1080;3-12-2013
Jean;Hermans;51902033;13-6-1937;Loppersum;Operatie;Chauffeur;12;1;3600;23-1-2004,
Pieter;van de Ven;10438591;16-7-1938;Smart City;Management;Chauffeur;10;1;3000;10-2-1997,
Joëlle;Driessen;42548992;30-8-2003;Geertruidenberg;R&R;Assistent;7;0,4;840;22-9-2004
Selina;de Vries;39736406;19-7-1999;Hollands Kroon;R&R;Monteur;12;0,4;1440;9-8-2015
Juul;van den Velden;29217427;30-7-2006;Asten;Management;Assistent;10;0,6;1800;5-6-1996
Laetitia;van de Meer;26098149;5-5-1928;Smart City;Management;Chauffeur;11;0,8;2640;17-8-1998
Luke;van der Ven;94576798;9-3-1955;Reimerswaal;R&R;Stagair;6;0,8;1440;23-11-2015
Robbe;van Leeuwen;55321981;13-3-1979;Velsen;Verkoop;Administratief Medewerker;6;1;1800;14-2-2010,
Lennert;van den Heuvel;54866016;26-1-1987;Purmerend;R&R;Chauffeur;6;0,6;1080;31-3-2007
Jielis;de Groot;88392425;29-4-2013;Kerkrade;Management;Assistent;10;0,4;1200;8-1-1997
Laurens;Dijkstra;98130223;19-1-1966;Brunssum;Communicatie;Monteur;11;0,6;1980;20-9-2011
Warren;van den Heuvel;95218618;31-3-2004;Doesburg;Operatie;Stagair;8;0,4;960;14-4-2008
Henny;Groen;88231374;12-5-2013;Smart City;Verkoop;Administratief Medewerker;7;0,4;840;13-4-2002
Gert-Jan;van der Pol;47683130;11-12-1929;Deurne;Operatie;Team Lead;7;0,6;1260;20-2-2002
Erwin;van der Meulen;28171200;30-4-1965;Bodegraven-Reeuwijk;R&R;Team Lead;7;0,8;1680;28-4-2006
Imke;van der Veen;54821271;7-4-1971;Smart City;Operatie;Chauffeur;9;0,8;2160;12-4-2009
Kofi;Peters;58700620;24-9-1935;Papendrecht;Verkoop;Monteur;6;0,4;720;19-7-2013
Heleen;van Vliet;81931095;27-5-2011;Roerdalen;Communicatie;Manager;8;0,8;1920;28-3-1999
Belinda;van der Heijden;49056625;22-5-1963;Heiloo;Communicatie;Chauffeur;7;0,6;1260;28-2-2004
Idse;Kok;83037859;15-11-1958;Grave;Operatie;Chauffeur;8;0,4;960;22-11-2012
Ruth;Hoekstra;83448676;4-11-2010;Amersfoort;Verkoop;Stagair;12;1;3600;4-9-2013,
Lindsey;Dekker;66913380;21-1-1976;Wageningen;R&R;Manager;10;1;3000;13-11-2003,
Fiorella;van de Pol;22630401;2-6-1940;Overbetuwe;R&R;Manager;8;0,8;1920;26-6-2002
Gerrie;van der Velde;52633220;6-7-1931;Medemblik;Communicatie;Interieurverzorger;11;0,4;1320;16-10-2003
Kyrell;van der Veen;40082867;11-2-1973;Overbetuwe;Management;Administratief Medewerker;9;0,6;1620;14-6-2014
Gerben;Dekker;46023030;13-7-1944;Harderwijk;Management;Chauffeur;10;0,8;2400;1-8-2014
Emily;Bakker;47835274;28-1-1961;Alphen aan den Rijn;Management;Chauffeur;12;1;3600;9-1-2013,
Sjeng;Vos;31225590;30-6-1948;Gennep;R&R;Manager;12;1;3600;15-7-2011,
Roy;Prins;21951581;22-9-1944;Oostzaan;Operatie;Interieurverzorger;12;0,6;2160;19-5-2014
Rijk;Huisman;75948729;21-5-1975;Scherpenzeel;Operatie;Chauffeur;7;1;2100;12-5-2014,
Toon;Koning;77245774;3-8-1982;Delft;Verkoop;Stagair;9;0,8;2160;14-11-2008
Victor;de Wit;57857210;6-7-1936;Alphen-Chaam;Verkoop;Chauffeur;6;1;1800;29-3-2009,
Benjamin;Koning;53613420;2-8-1976;Eersel;Verkoop;Administratief Medewerker;6;1;1800;29-3-2017,
Javier;van de Ven;10551392;13-1-1938;Asten;Communicatie;Assistent;9;0,4;1080;1-5-1996
Rudolf;van den Brink;39741405;21-3-1983;Urk;Verkoop;Assistent;10;1;3000;28-4-1996,
Geertje;de Jong;87257821;30-6-1962;Ooststellingwerf;Operatie;Chauffeur;8;1;2400;21-5-2003,
Karl;Bakker;70582046;5-5-1986;Alkmaar;Operatie;Chauffeur;10;1;3000;14-4-2007,
Gerwin;de Graaf;73558114;1-5-1939;Utrechtse Heuvelrug;Verkoop;Chauffeur;7;0,6;1260;22-12-1998
Tjitske;van Veen;27589283;15-8-1964;Smart City;Management;Chauffeur;12;0,4;1440;26-4-2010
Leendert;Vermeulen;44838501;1-11-1941;Waadhoeke;Management;Chauffeur;11;0,6;1980;2-1-2013
Moreno;Smeets;62114526;23-1-1970;Smart City;Communicatie;Chauffeur;11;0,4;1320;6-12-1996
Kimberly;Koning;11002288;26-1-1985;Zwijndrecht;Operatie;Chauffeur;12;0,4;1440;29-6-2007
Jyrki;Smit;47353104;14-9-1945;Cranendonck;Verkoop;Chauffeur;7;1;2100;13-9-2006,
Rokus;Meijer;52449035;24-7-2001;Smart City;Management;Assistent;11;0,4;1320;11-6-1996
Geertrui;de Jonge;40293115;28-10-1944;Amersfoort;R&R;Interieurverzorger;11;1;3300;28-12-2014,
Gina;Peeters;83876384;30-10-1927;Medemblik;Operatie;Chauffeur;12;1;3600;18-12-2016,
Rijo;Verhoeven;61551056;5-6-1938;Purmerend;Communicatie;Chauffeur;10;0,8;2400;24-7-2013
Cynthia;van Loon;12898981;27-12-1999;Rhenen;R&R;Team Lead;9;0,8;2160;21-7-2007
Danny;van Dijk;15401298;13-3-1982;Appingedam;Operatie;Chauffeur;9;0,6;1620;5-11-1997
Justus;Smeets;45738563;9-9-1987;Smart City;Operatie;Administratief Medewerker;9;0,8;2160;10-7-2013
Britt;Vos;75895830;30-11-1951;Meierijstad;Verkoop;Chauffeur;7;1;2100;5-6-2000,
Heintje;Wolters;66939661;5-5-1967;Oss;R&R;Assistent;7;1;2100;27-7-2008,
Ruth;Martens;28051070;17-11-1971;Oldambt;Communicatie;Chauffeur;6;0,8;1440;30-6-2017
Thea;van de Meer;13343426;11-2-1984;Wijdemeren;Verkoop;Manager;10;0,8;2400;5-5-2014
Sophia;Smit;92139967;6-4-1979;Bladel;Operatie;Assistent;12;0,4;1440;14-4-2006
Fons;van Dijk;20023534;9-4-1960;Smart City;Management;Chauffeur;10;0,8;2400;14-10-2005
Bieke;van der Meulen;62017986;18-9-1998;Utrechtse Heuvelrug;Verkoop;Interieurverzorger;6;0,4;720;1-10-2003
Elco;van den Brink;43225609;5-10-1968;Beekdaelen;Communicatie;Administratief Medewerker;11;1;3300;21-8-1996,
Valerie;van de Velde;81453458;1-5-1939;Helmond;Verkoop;Stagair;9;0,6;1620;2-12-2010
Paulien;Jacobs;12985437;15-4-1988;Bodegraven-Reeuwijk;Verkoop;Interieurverzorger;9;0,8;2160;4-11-2001
Boudewijn;Dijkstra;73492732;14-9-1985;Dantumadeel;R&R;Administratief Medewerker;6;1;1800;13-1-2016,
Jarl;Postma;83333387;2-11-1998;Hilversum;Verkoop;Chauffeur;6;0,6;1080;8-1-2001
Lambert;Willems;83298464;27-10-2013;Edam-Volendam;Operatie;Assistent;12;1;3600;27-9-2003,
Selma;Meijer;62564458;28-3-1993;Zandvoort;R&R;Assistent;10;0,4;1200;16-9-2017
Erin;Evers;33603931;9-11-1936;Meierijstad;Management;Stagair;9;0,4;1080;16-7-2007
Sarah;van der Horst;76459027;29-1-1971;Smart City;Management;Chauffeur;8;0,4;960;31-7-2012
Josine;Blom;60864981;21-1-1942;Zwolle;Operatie;Stagair;12;0,4;1440;13-9-2013
Rijmar;van den Broek;12611536;17-5-1969;Ooststellingwerf;Verkoop;Chauffeur;11;0,6;1980;28-3-2015
Danny;van de Brink;33336144;6-3-2008;Ouder-Amstel;Verkoop;Monteur;6;1;1800;6-1-1996,
Cornelius;Veenstra;96536634;3-6-1953;Staphorst;Management;Interieurverzorger;12;0,6;2160;4-11-1998
Arno;Hermans;86051434;20-9-1951;Smallingerland;Communicatie;Interieurverzorger;10;1;3000;5-3-2002,
Hubert;Hofman;77880638;13-3-1990;Sluis;R&R;Manager;8;0,4;960;12-4-1999
Nelis;van den Brink;97662510;24-7-1955;Zuidplas;Verkoop;Interieurverzorger;7;0,4;840;18-9-2001
Odilia;Schouten;99529917;16-8-1948;Oisterwijk;Management;Chauffeur;7;1;2100;12-4-2011,
Ine;de Ruiter;65638222;7-8-1934;Druten;Communicatie;Chauffeur;10;0,8;2400;4-6-2011
Karim;van de Velden;98080491;24-10-1974;Smart City;Management;Manager;8;0,6;1440;19-8-2015
Kristel;van der Berg;26704275;25-4-1961;Waterland;Communicatie;Monteur;11;0,8;2640;21-11-2014
Babette;van der Ven;77831581;7-9-2005;Nissewaard;Management;Team Lead;10;0,6;1800;3-4-2001
Ilse;de Graaf;48211631;4-2-1939;Borsele;Verkoop;Chauffeur;9;1;2700;11-9-2010,
Lydia;van Vliet;75285412;22-11-1964;Aalsmeer;Management;Chauffeur;7;1;2100;9-5-2014,
Tom;van de Ven;99287360;19-3-2007;Tiel;Verkoop;Chauffeur;12;1;3600;31-8-2001,
Susan;de Ruiter;28588346;24-1-1965;Purmerend;R&R;Monteur;8;0,4;960;22-1-2005
Serkan;Scholten;30118237;20-3-1997;Zevenaar;R&R;Chauffeur;9;1;2700;16-12-2008,
Janko;de Haan;19263749;24-2-1996;Hollands Kroon;Operatie;Interieurverzorger;12;0,6;2160;8-4-1999
Lodewijk;Verhoeven;58692791;22-7-2013;Kampen;R&R;Stagair;9;1;2700;22-9-2012,
Tycho;van Loon;69244844;18-6-1950;Alphen-Chaam;Communicatie;Team Lead;10;0,6;1800;21-12-2013
Hilda;van der Linden;83578662;4-9-1946;Westerkwartier;R&R;Stagair;12;0,8;2880;27-7-2001
Patty;Wolters;47392780;10-3-2009;Sint Anthonis;R&R;Chauffeur;6;0,4;720;19-12-2013
Jozias;Peeters;30284142;6-5-1940;Loon op Zand;R&R;Chauffeur;8;0,4;960;27-1-2008
Sjaak;Huisman;62416595;5-10-1975;Wijchen;Communicatie;Chauffeur;9;0,4;1080;23-10-2011
Reginald;Jacobs;45970753;17-2-1952;Smart City;Verkoop;Stagair;6;0,4;720;26-9-2014
Paula;Koster;91220940;9-3-1958;Berg en Dal;Operatie;Stagair;6;1;1800;17-3-2016,
Boris;Kuipers;54657719;21-5-2010;Haaren;R&R;Chauffeur;7;0,6;1260;4-3-2007
Mare;Dekker;77409501;12-9-1999;Smart City;Verkoop;Chauffeur;9;0,6;1620;1-10-2010
Jeroen;van de Veen;64070505;15-4-1975;Son en Breugel;Operatie;Stagair;12;0,8;2880;22-8-2011
Tineke;de Jong;92304256;27-7-1951;Beekdaelen;R&R;Chauffeur;6;0,4;720;15-6-1999
Ivan;de Wit;94596577;11-4-1995;Bergen;Operatie;Monteur;8;1;2400;20-11-1997,
Felix;Boer;55187833;19-6-1973;Gilze en Rijen;R&R;Chauffeur;6;1;1800;7-6-1999,
Elwin;Veenstra;16658171;10-6-2012;Westerwolde;Communicatie;Interieurverzorger;8;0,8;1920;12-7-1996
Marcia;Groen;26970235;21-8-1998;Laren;Verkoop;Chauffeur;7;0,4;840;11-3-2000
Sjouke;van der Linden;47936310;30-4-1938;Middelburg;Communicatie;Administratief Medewerker;10;1;3000;12-11-2000,
Viktor;de Bruin;14006654;4-5-1970;Zaltbommel;R&R;Assistent;7;0,6;1260;6-3-2000
Yuri;Koning;47145454;10-9-1972;Smallingerland;Operatie;Chauffeur;7;0,8;1680;8-5-1999
Jolande;Post;89283228;14-9-1930;Culemborg;Verkoop;Assistent;6;0,8;1440;1-9-2015
Severinus;van Veen;88359144;12-4-1933;Beemster;Communicatie;Administratief Medewerker;9;0,6;1620;15-9-2006
Jean;Willemsen;49555088;20-9-1982;Smart City;Communicatie;Interieurverzorger;8;0,4;960;12-12-2015
Antoon;Smeets;79801138;3-4-1996;Dantumadeel;Verkoop;Assistent;10;0,4;1200;10-12-2004
Victor;de Boer;52964346;15-2-1968;Smart City;Operatie;Chauffeur;8;0,8;1920;28-9-2009
Neeltje;Evers;12742804;31-12-2006;Smart City;R&R;Chauffeur;9;0,8;2160;6-4-2014
Renske;van de Berg;77463144;30-8-1998;Oegstgeest;Communicatie;Interieurverzorger;9;0,4;1080;5-6-2014
Kim;de Wit;37623517;19-4-2001;Hellevoetsluis;Communicatie;Team Lead;11;1;3300;9-5-2004,
Marcus;van Wijk;87196178;20-2-1941;Heeze-Leende;Verkoop;Manager;6;0,8;1440;8-1-2002
Annigje;Bosman;13109744;15-10-1991;Hof van Twente;Management;Team Lead;7;0,4;840;8-3-1997
André;Vink;33708389;23-8-1995;Nissewaard;Verkoop;Manager;8;0,8;1920;16-4-2015
Yvan;Kuipers;74649089;14-12-1984;Oisterwijk;R&R;Chauffeur;9;0,8;2160;15-8-2005
Salvator;van der Ven;64950803;5-6-1994;Smart City;Operatie;Chauffeur;7;0,4;840;4-10-2013
Anke;Smits;41296419;28-11-1953;Opsterland;Communicatie;Chauffeur;6;0,6;1080;7-2-1999
Ilan;Kuipers;41138592;1-8-1931;Smart City;Operatie;Team Lead;10;0,8;2400;10-3-2002
Gabriël;Meijer;19032604;19-2-1965;Smart City;Management;Team Lead;10;0,6;1800;4-7-2007
Evi;de Jonge;87477744;22-3-2000;Middelburg;Operatie;Assistent;12;0,6;2160;22-3-2012
Santinho;van der Berg;17934589;25-10-1978;Meierijstad;Verkoop;Manager;8;1;2400;19-2-2014,
Marissa;Kuijpers;58060849;8-8-1944;Vught;R&R;Manager;12;1;3600;24-5-2001,
Fien;van de Velde;94670886;18-11-1950;Goes;Management;Stagair;11;1;3300;27-8-2004,
Krista;Jonker;63750406;27-3-1962;Winterswijk;R&R;Chauffeur;7;0,4;840;2-11-2015
Jaco;Bakker;22050324;31-1-1988;Amersfoort;R&R;Chauffeur;12;1;3600;15-1-2009,
Helène;Vermeulen;39018095;24-7-2014;Tietjerksteradeel;R&R;Manager;12;0,4;1440;28-7-2014
Mario;Bosman;57917871;4-4-2008;Grave;Verkoop;Monteur;6;0,8;1440;1-3-2001
Sjerp;Jansen;41641315;14-9-1976;Bunschoten;Verkoop;Chauffeur;10;0,6;1800;19-7-2007
Raymond;de Vos;21689532;27-10-2000;Drimmelen;R&R;Chauffeur;10;0,6;1800;6-5-2006
Kimberly;van der Horst;62100483;14-8-2004;Vaals;Verkoop;Chauffeur;8;1;2400;29-4-2000,
Emmanuel;Mulder;98138241;7-7-1942;Beverwijk;Operatie;Assistent;10;0,4;1200;15-12-2007
Alex;de Boer;88659656;11-1-1930;Terneuzen;Verkoop;Administratief Medewerker;12;1;3600;4-2-2016,
Monique;van de Meer;83592538;4-1-1979;Aalten;Communicatie;Administratief Medewerker;11;0,6;1980;26-11-1998
Fons;Jonker;19564551;13-4-1990;Smart City;Management;Chauffeur;9;0,4;1080;6-9-2000
Leonard;de Groot;35829759;19-2-1992;Teylingen;Operatie;Chauffeur;9;0,8;2160;24-1-2002
Selina;de Ruiter;51411658;9-3-1987;Zuidplas;Verkoop;Chauffeur;6;1;1800;23-2-2011,
Steve;Mol;86086371;10-11-1974;Rheden;Communicatie;Team Lead;9;0,6;1620;2-4-2007
Thérèse;Smeets;73287069;11-3-1952;Katwijk;Communicatie;Chauffeur;11;1;3300;27-4-2015,
Ivo;van de Ven;57939665;30-11-1942;Schiedam;Management;Stagair;7;0,8;1680;25-2-1996
Dirkje;Blom;92135602;16-9-2002;Eersel;Communicatie;Chauffeur;7;1;2100;31-1-2001,
Lex;de Jong;96208457;13-4-1949;Achtkarspelen;R&R;Team Lead;8;0,8;1920;17-12-1998
Roman;van Wijk;65319412;24-2-1985;Altena;Communicatie;Chauffeur;11;0,6;1980;6-11-2009
Steffen;van den Broek;55305169;18-11-1967;Gennep;Communicatie;Chauffeur;10;0,4;1200;24-9-2002
Ignas;Evers;26054720;18-3-1952;Duiven;Verkoop;Assistent;6;0,8;1440;16-8-2010
Niel;van der Veen;47679769;24-12-1933;Smart City;Management;Administratief Medewerker;7;0,4;840;7-9-2007
Quinn;Verhoeven;45990835;10-10-1954;Smart City;Verkoop;Interieurverzorger;8;0,6;1440;23-1-2012
Kwinten;Hendriks;80593269;27-6-1976;Medemblik;Verkoop;Chauffeur;8;1;2400;2-4-2004,
Nikolaas;Kuiper;64023329;7-1-1980;Waterland;Verkoop;Administratief Medewerker;7;0,6;1260;30-4-2007
Levi;Kuijpers;21746599;22-7-1961;Wijchen;Verkoop;Interieurverzorger;9;0,8;2160;19-6-2016
Remko;Schouten;72743045;31-1-1997;Smart City;Operatie;Manager;7;0,4;840;12-3-2000
Ovidius;Dekker;76554011;9-7-1986;Smart City;Verkoop;Stagair;9;1;2700;22-3-1999,
Laetitia;van der Wal;41897827;1-4-1974;Midden-Delfland;Operatie;Monteur;12;1;3600;23-11-1996,
Fons;Evers;92137041;17-7-1989;Hardinxveld-Giessendam;R&R;Team Lead;12;0,4;1440;28-7-2005
Conor;de Lange;41397763;12-12-2009;Smart City;Verkoop;Assistent;12;0,8;2880;16-2-2015
Florian;Sanders;67345268;5-11-2008;Landsmeer;Operatie;Chauffeur;11;0,6;1980;28-4-2010
Jennifer;Willemsen;13491391;2-8-1951;Gennep;Verkoop;Stagair;9;1;2700;19-7-1996,
Donald;Mol;80655664;19-8-1952;Smart City;R&R;Manager;7;0,6;1260;20-3-2015
Ko;Janssen;81090743;24-3-1977;Veldhoven;Operatie;Chauffeur;12;0,6;2160;7-3-2014
Jaco;van der Horst;90999437;1-4-2004;Laarbeek;Management;Stagair;12;1;3600;15-4-2015,
Rodrigo;Meijer;77763909;22-12-1958;Bunschoten;Management;Chauffeur;12;0,8;2880;15-10-2006
Emerson;Blom;58690593;23-3-1980;Leidschendam-Voorburg;Operatie;Interieurverzorger;8;1;2400;1-4-2004,
Gerry;Dijkstra;94841456;16-4-1982;Dronten;R&R;Administratief Medewerker;10;0,6;1800;31-7-2013
Jolijn;van der Ven;96604987;14-3-2008;West Betuwe;Management;Chauffeur;10;0,6;1800;30-7-2003
Jelmar;Hoekstra;78772906;15-11-2001;Laren;Verkoop;Manager;10;0,6;1800;10-11-2009
Durk;van der Heyden;51597669;12-11-1935;West Betuwe;Communicatie;Assistent;6;0,8;1440;7-6-2017
Karinus;Smit;63501164;1-8-1977;Woerden;Communicatie;Chauffeur;8;0,4;960;11-11-2004
Scato;van de Pol;19128989;31-3-1945;Veendam;Verkoop;Chauffeur;10;0,6;1800;8-4-2014
Sylvio;de Jong;94371497;1-5-1971;Haarlem;Management;Chauffeur;6;0,4;720;24-5-2003
Lennaert;van de Meer;34339554;17-9-1930;Goes;R&R;Manager;8;0,8;1920;12-2-2011
Jeanette;de Graaf;17183611;4-3-1974;Noordwijk;Communicatie;Chauffeur;12;1;3600;15-5-1998,
Rita;van Dijk;19614938;17-9-1930;Montfoort;Communicatie;Team Lead;12;0,8;2880;18-3-2001
Levi;Visser;74770758;30-11-1981;Delfzijl;Communicatie;Manager;9;1;2700;27-11-2002,
Miquel;Visser;53226832;7-8-1941;Noordenveld;Communicatie;Stagair;12;0,4;1440;22-8-2000
Kobus;Boer;70044782;28-4-1948;Veere;Verkoop;Administratief Medewerker;11;0,6;1980;29-4-1996
Josine;Verhoeven;46936883;1-2-2005;Renkum;Operatie;Chauffeur;12;0,8;2880;29-8-2017
Jef;Bosch;17656039;17-12-1931;Leiden;Operatie;Chauffeur;8;1;2400;10-4-2003,
Herman;van der Velde;88063332;6-7-1933;Medemblik;Communicatie;Interieurverzorger;10;0,8;2400;8-9-2013
Sylvana;de Wit;27209364;16-7-1977;Smart City;Verkoop;Stagair;10;0,8;2400;10-11-2010
Baukje;van de Berg;18565169;15-3-1947;Kerkrade;Communicatie;Assistent;11;0,6;1980;1-5-2014
Sithri;van Wijk;82598118;1-4-1979;Smart City;Operatie;Administratief Medewerker;9;1;2700;14-11-2004,
Gust;de Groot;15278694;19-4-1958;Smart City;R&R;Interieurverzorger;12;0,8;2880;10-10-2014
Jantine;van de Berg;91361594;13-3-1952;Oldambt;R&R;Team Lead;12;1;3600;17-1-2007,
Elja;Vermeulen;10203466;14-10-1969;Oldebroek;R&R;Chauffeur;6;0,8;1440;23-2-2017
Mick;van der Pol;76007873;20-7-1997;Midden-Groningen;Management;Chauffeur;10;1;3000;18-8-2017,
Mattijn;Mol;12527433;29-12-1944;Smart City;Operatie;Chauffeur;9;1;2700;19-6-2013,
Alev;Groen;66486503;23-11-2010;Smart City;Communicatie;Monteur;12;0,8;2880;4-3-2012
Godfried;Vermeulen;90406398;27-3-2004;Oisterwijk;Communicatie;Team Lead;6;0,4;720;18-4-2002
Willie;Verhoeven;83585428;11-12-1947;Brummen;Verkoop;Chauffeur;9;0,8;2160;5-12-1999
Has;van den Heuvel;97968109;28-12-2007;Schiermonnikoog;Operatie;Interieurverzorger;9;0,8;2160;6-6-2002
Erwin;Maas;81475680;22-9-1940;Weststellingwerf;Communicatie;Administratief Medewerker;10;0,6;1800;22-10-2005
Edwin;Vermeulen;32501947;14-6-1945;Albrandswaard;Communicatie;Monteur;12;0,8;2880;6-12-2008
Puck;van den Bosch;57166315;4-6-2003;Smart City;Operatie;Stagair;6;0,4;720;21-3-1998
Mila;Koning;16777285;31-12-1990;Voorschoten;Communicatie;Assistent;11;0,8;2640;27-12-2013
Gerhardus;Kok;26031321;27-9-1950;Weststellingwerf;Operatie;Chauffeur;11;0,4;1320;13-6-2006
Annette;Boer;91602864;1-12-1969;'s-Hertogenbosch;Operatie;Chauffeur;9;1;2700;5-5-2002,
Gretha;Meyer;34740622;18-2-1949;Brielle;Verkoop;Chauffeur;10;0,8;2400;1-8-1999
Nicky;Smit;94182822;30-10-1984;Leiderdorp;Management;Assistent;11;1;3300;26-5-1999,
Mathilde;Gerritsen;69836440;2-11-1953;Harlingen;Verkoop;Manager;11;0,4;1320;9-4-2015
Robin;de Vries;49589487;11-4-1937;Leiderdorp;Communicatie;Manager;7;1;2100;11-7-2014,
Margaret(h)a;Verhoeven;46371958;14-3-1974;Soest;Management;Assistent;12;0,4;1440;16-5-2009
Marcel;Smit;75763890;15-7-1937;Smart City;Verkoop;Interieurverzorger;8;1;2400;27-10-2004,
Alexander;van den Heuvel;31664936;10-6-1960;West Maas en Waal;Operatie;Chauffeur;10;0,6;1800;6-9-2009
Dora;van de Wal;55580941;15-11-2000;Veenendaal;Operatie;Manager;6;0,6;1080;21-5-2012
Keith;Kuipers;28197011;15-12-1998;Smart City;Communicatie;Chauffeur;6;1;1800;6-8-1997,
Rolán;de Haan;80646052;5-9-1938;Langedijk;Communicatie;Assistent;12;0,4;1440;9-4-2004
Jeremy;van der Meer;99484494;21-8-1979;Smart City;Communicatie;Chauffeur;11;0,4;1320;10-4-2004
Indiana;Vermeulen;43095196;11-4-1939;Raalte;Operatie;Chauffeur;10;1;3000;14-6-2014,
David;Hofman;71380525;25-9-1988;Baarle-Nassau;Verkoop;Chauffeur;11;0,4;1320;17-7-2015
Claire;van der Heyden;24468408;3-6-1962;Veldhoven;Operatie;Administratief Medewerker;12;1;3600;10-12-1996,
Levi;Wolters;15758340;29-10-1928;Westervoort;Communicatie;Chauffeur;6;0,8;1440;7-4-2005
Gijs;Molenaar;91676631;2-1-1980;Nunspeet;Operatie;Monteur;9;0,6;1620;1-12-2004
Rolf;Vink;88457517;24-2-1935;Mook en Middelaar;R&R;Chauffeur;9;0,6;1620;2-6-2001
Nadia;van de Ven;61351157;8-12-1973;Waalre;Management;Interieurverzorger;11;0,4;1320;2-2-2007
Otto;van Dongen;67377094;31-8-1969;Stede Broec;Operatie;Stagair;11;0,8;2640;4-6-1997
Johnny;van der Laan;17403297;22-12-1983;Heerde;R&R;Chauffeur;10;0,4;1200;4-1-2005
Carolus;Schipper;35694652;20-3-1958;Sint-Michielsgestel;R&R;Monteur;12;0,8;2880;7-1-1996
Serafim;van der Heijden;81193616;13-1-1935;Maasgouw;Management;Interieurverzorger;11;0,8;2640;18-9-2010
Dionne;van de Veen;39586154;14-10-1932;Zevenaar;Management;Interieurverzorger;12;0,4;1440;16-9-2013
Jantine;Scholten;64756688;15-6-1965;Rucphen;R&R;Assistent;7;0,8;1680;31-10-2013
Ida;van de Berg;40003565;4-12-1995;Zwolle;Verkoop;Stagair;12;0,6;2160;16-10-2003
Max;Willems;26730374;25-11-1985;Midden-Groningen;Management;Chauffeur;6;0,4;720;5-12-2012
Rudi;van de Berg;34010992;10-7-1957;Leidschendam-Voorburg;Operatie;Chauffeur;11;0,4;1320;1-12-2011
Anthony;Mol;72505546;28-8-1940;Wierden;Management;Chauffeur;10;0,6;1800;24-7-2008
Janne;de Bruyn;72574410;10-5-1969;Dalfsen;R&R;Monteur;9;1;2700;11-9-2011,
Joris;de Vos;62116693;16-1-1951;Leeuwarden;Operatie;Team Lead;11;0,8;2640;16-11-2011
Sven;Post;41631388;3-5-1937;Smart City;R&R;Chauffeur;10;1;3000;4-5-2013,
Karlijn;Bos;12710838;8-10-1932;Smart City;Verkoop;Team Lead;10;0,6;1800;9-11-2007
Godfried;Hofman;51048567;18-6-1982;Castricum;Verkoop;Chauffeur;10;0,8;2400;6-1-2007
Hennie;van den Brink;62200590;29-11-1979;Goeree-Overflakkee;Communicatie;Manager;10;1;3000;20-6-2016,
Tineke;Koning;61656066;4-1-1983;Smart City;Operatie;Chauffeur;6;0,6;1080;8-12-2011
Melroy;Hendriks;23451515;27-5-1989;Zevenaar;R&R;Stagair;11;0,4;1320;30-12-2006
Eelco;Dijkstra;16981889;19-5-1932;Alkmaar;Operatie;Team Lead;6;0,6;1080;7-1-2007
Evan;Kramer;76371349;2-12-1976;Someren;Communicatie;Team Lead;11;0,4;1320;18-7-2013
Alev;de Koning;88209870;6-5-1986;Smart City;Verkoop;Assistent;12;1;3600;23-9-2012,
Freek;van de Velde;90894530;2-4-1949;Haaksbergen;Operatie;Chauffeur;12;0,4;1440;7-12-1998
Lonneke;van der Veen;65808469;9-4-1936;Bunnik;Management;Assistent;11;1;3300;5-8-2006,
Emma;Timmermans;63299307;3-8-2005;Smart City;R&R;Manager;10;0,4;1200;29-9-2000
Larissa;van den Pol;92009205;1-12-1939;Asten;Management;Monteur;7;0,4;840;1-3-2016
Ruud;van der Ven;19695118;24-2-1971;Hulst;R&R;Interieurverzorger;6;0,6;1080;9-7-2011
Taco;Hermans;13213877;9-6-1953;Uden;Operatie;Team Lead;6;0,6;1080;28-1-2013
Silvijn;Schouten;34537924;20-5-2000;Boxtel;Verkoop;Assistent;6;1;1800;19-6-2011,
Chloé;Smits;66208054;31-8-1995;Wierden;Operatie;Manager;11;0,4;1320;17-12-2011
Dymfna;van de Velden;88279543;10-3-1972;Nijkerk;Communicatie;Chauffeur;9;0,8;2160;11-10-2013
Theodoor;Evers;95443294;26-6-1970;Smart City;R&R;Chauffeur;12;0,6;2160;13-4-2012
Gilles;Vos;71764882;12-6-2013;Rotterdam;Verkoop;Interieurverzorger;10;0,8;2400;10-11-1997
Adrianus;van Wijk;50048154;13-5-1958;Helmond;R&R;Chauffeur;9;0,4;1080;22-8-2006
Mien;Bosman;23234367;28-3-1965;Doesburg;Operatie;Chauffeur;12;0,8;2880;26-7-2010
Guy;Hermans;67484194;6-4-2000;Delfzijl;Management;Chauffeur;6;0,8;1440;23-8-2008
Theodora;Kuipers;39109521;11-7-1980;Bergen op Zoom;Verkoop;Interieurverzorger;12;0,4;1440;18-6-2001
Dylan;Dijkstra;25500524;31-12-1990;Nuenen c.a.;Operatie;Team Lead;6;0,4;720;2-10-2006
Louise;van Dam;43518533;6-9-1964;Vlieland;R&R;Manager;7;0,6;1260;11-7-1997
Devi;de Koning;47737786;5-2-1995;Drimmelen;Operatie;Monteur;11;0,8;2640;25-10-2007
Nasir;van Leeuwen;76679190;7-8-1994;Bergen;Communicatie;Administratief Medewerker;6;0,8;1440;10-5-1997
Christianne;de Boer;23640958;30-6-1950;Koggenland;Management;Chauffeur;8;1;2400;22-6-2004,
Heleen;Veenstra;18391633;21-8-1943;Westervoort;Verkoop;Assistent;12;0,4;1440;10-1-2012
Dora;van Doorn;39121529;8-10-1967;Kapelle;Management;Chauffeur;11;0,6;1980;10-6-2012
Andy;van der Heyden;36629138;8-6-1989;Waddinxveen;Communicatie;Stagair;7;0,4;840;21-9-2006
Noor;Smit;83996032;18-5-1960;Smart City;Communicatie;Assistent;11;0,4;1320;8-6-1999
Rik;van Dam;88720584;8-2-2002;Rucphen;Operatie;Chauffeur;12;0,6;2160;11-2-2007
Sjef;Postma;44053746;1-9-1987;Leeuwarden;Management;Chauffeur;12;0,4;1440;22-11-1997
Matthew;van de Velde;37160942;24-6-1931;Oldenzaal;R&R;Stagair;7;0,8;1680;17-4-2004
Wesley;van de Wal;28148277;3-8-1928;Opmeer;Management;Team Lead;7;1;2100;6-8-2011,
Kendra;Hendriks;33393894;19-7-1948;'s-Hertogenbosch;R&R;Assistent;10;0,6;1800;13-10-2004
Alexia;Groen;34883198;13-3-1947;Smart City;Verkoop;Stagair;11;0,8;2640;27-10-2002
Jeff;de Bruijn;77117877;6-8-1995;Staphorst;Operatie;Chauffeur;11;0,6;1980;21-5-2002
Pamela;van de Brink;34953980;22-8-1981;Noordoostpolder;Management;Chauffeur;6;0,4;720;25-4-2010
Werner;Meyer;21565717;6-11-2012;Smart City;Operatie;Manager;8;0,4;960;1-7-1996
Christel;Driessen;59009164;11-3-1991;Smart City;Operatie;Team Lead;11;0,6;1980;16-7-2004
Friso;Huisman;27558532;28-9-1989;Hardinxveld-Giessendam;Operatie;Chauffeur;7;0,6;1260;19-9-2000
Jolande;de Vries;40949638;4-7-2005;Asten;Verkoop;Assistent;8;1;2400;18-5-2004,
Cedric;Meyer;54044581;2-3-1999;Smart City;Management;Manager;12;0,4;1440;8-3-2002
Ken;van den Pol;74786196;14-9-1990;Oostzaan;R&R;Chauffeur;10;0,4;1200;2-7-1997
Aurore;Koning;61904374;25-3-1985;Hoeksche Waard;Verkoop;Manager;7;1;2100;21-5-1998,
Marion;Sanders;94620613;16-3-1976;Maasgouw;Operatie;Chauffeur;10;0,4;1200;29-1-2016
Frederik;Wolters;95136277;19-7-1989;Smart City;R&R;Chauffeur;10;0,4;1200;16-6-1997
Anja;de Bruijn;16014668;1-5-1937;Langedijk;Operatie;Chauffeur;7;0,8;1680;6-4-2017
Marco;de Bruin;75708514;17-1-2009;Bergen;Operatie;Stagair;9;0,8;2160;13-10-2008
Rinse;de Haan;64360353;23-4-1963;Middelburg;Operatie;Chauffeur;11;0,6;1980;12-1-2003
Willemijn;van Doorn;95715024;27-3-1932;Hoogeveen;Verkoop;Chauffeur;10;0,8;2400;22-4-2010
Ruud;de Lange;52009137;5-9-1946;Smart City;Operatie;Interieurverzorger;7;0,4;840;7-6-1996
Cas;van der Velden;61915197;5-9-1952;Zwartewaterland;Verkoop;Assistent;7;0,8;1680;26-11-2016
Naud;van de Wal;37121531;23-11-1943;Langedijk;Management;Interieurverzorger;10;0,8;2400;22-6-2003
Evelien;Vos;68204654;5-10-1962;Hellevoetsluis;Communicatie;Assistent;8;0,4;960;23-2-1997
Vilém;Janssen;89561483;4-11-1993;Katwijk;R&R;Chauffeur;9;0,4;1080;18-1-1999
Sanne;de Jonge;74140732;4-7-1957;Tholen;Verkoop;Chauffeur;9;1;2700;25-8-2013,
Maud;van de Meer;57681896;31-10-1958;Nieuwegein;Verkoop;Interieurverzorger;7;0,4;840;4-12-1998
Henny;Hendriks;46459846;23-4-1994;Meerssen;Management;Assistent;7;1;2100;11-7-2010,
Zeno;van de Ven;69468231;14-1-1974;Nederweert;R&R;Stagair;6;0,8;1440;1-7-1998
Caspar;van Veen;65710714;14-8-1972;Haaksbergen;Communicatie;Manager;6;1;1800;5-5-2003,
Heiltje;Molenaar;49261741;19-9-1985;Meerssen;Management;Assistent;7;1;2100;7-5-2012,
Jarl;van Doorn;26142518;19-12-2011;Hendrik-Ido-Ambacht;Management;Chauffeur;7;1;2100;3-11-1996,
Mijndert;van den Berg;27921051;14-2-1953;Heusden;Management;Monteur;11;0,6;1980;9-3-2017
Wietske;Kuipers;88110648;19-7-1938;Maasdriel;Management;Manager;9;0,8;2160;3-6-2007
Harrie;Wolters;64187150;30-7-1972;Midden-Groningen;Operatie;Assistent;12;0,6;2160;13-6-2007
Quintus;van der Wal;52571521;11-4-1961;Heemskerk;R&R;Team Lead;11;0,6;1980;15-5-2012
Lizzy;Kuiper;21551473;17-4-1995;Peel en Maas;Verkoop;Monteur;8;0,6;1440;25-10-1996
Jantine;van den Pol;74830122;3-12-1927;West Maas en Waal;Operatie;Stagair;12;0,4;1440;19-2-2010
Dylan;van der Ven;34417545;9-5-1997;Sliedrecht;Operatie;Chauffeur;9;0,4;1080;23-8-2011
Mauro;van der Laan;16320417;23-9-1992;Voorst;R&R;Chauffeur;6;1;1800;5-6-2003,
Peter;van der Veen;82910572;11-11-1976;Nijmegen;Management;Interieurverzorger;6;0,8;1440;23-11-2014
Gert;van der Laan;65311845;24-9-1999;Smart City;Communicatie;Monteur;8;0,8;1920;15-8-1997
Kalle;Peeters;81259533;21-2-2005;Heerhugowaard;Communicatie;Administratief Medewerker;8;0,6;1440;17-12-2003
Okke;van der Laan;36262194;24-1-1995;Barneveld;R&R;Chauffeur;9;0,6;1620;5-9-2006
Floor;Bosman;75511969;14-1-1978;Aalten;Management;Administratief Medewerker;8;1;2400;9-6-2002,
Natalie;Wolters;72419412;7-7-1992;Smart City;R&R;Monteur;11;0,8;2640;29-3-2008
Theodorus;van der Laan;10526604;15-7-2010;Harderwijk;Verkoop;Chauffeur;9;1;2700;14-5-2010,
Raymond;de Ruiter;60130985;23-9-1929;Eindhoven;Verkoop;Assistent;12;0,4;1440;8-2-1998
Sherhonte;de Wit;39786448;9-11-2010;Smart City;Communicatie;Manager;11;1;3300;27-2-2008,
Tjeerd;Vos;93714425;23-5-1964;Smart City;Management;Assistent;9;0,8;2160;18-4-2017
Tommy;Koster;58323910;18-12-1935;Montferland;Communicatie;Interieurverzorger;12;0,4;1440;6-6-1996
Herman;Willemsen;76229292;8-8-1953;Maasdriel;Communicatie;Chauffeur;9;0,8;2160;10-10-2016
Teun;Koning;68186724;18-8-1983;Noordoostpolder;Operatie;Manager;12;0,8;2880;20-2-2005
Logan;van Wijk;27881551;5-8-1929;Etten-Leur;R&R;Assistent;8;0,8;1920;9-2-2013
Nout;van de Berg;66004917;28-9-1933;Woerden;R&R;Assistent;11;1;3300;28-8-2003,
Henri;van Beek;69022023;11-6-1952;Staphorst;Verkoop;Chauffeur;8;0,8;1920;23-10-2000
Vinny;van der Heijden;87237397;10-6-1964;Capelle aan den IJssel;R&R;Interieurverzorger;12;0,8;2880;10-6-1996
Carola;Kuiper;49280310;18-6-2009;Nederweert;Communicatie;Monteur;11;0,4;1320;12-10-2006
Xiomara;Scholten;25634517;4-4-1977;Eindhoven;Verkoop;Chauffeur;8;0,8;1920;25-12-1997
Janos;van der Ven;22759257;29-5-1979;Wageningen;Management;Manager;9;1;2700;25-5-2016,
Luk;Scholten;46588090;3-3-1985;Diemen;Communicatie;Team Lead;7;0,6;1260;19-5-2008
Harrie;van der Ven;18048690;24-11-2013;Smart City;Verkoop;Team Lead;8;0,6;1440;25-11-2001
Emily;de Haan;79432519;22-1-1947;Heusden;R&R;Chauffeur;7;0,4;840;23-12-2013
Zeger;Driessen;76521827;23-2-1971;Barneveld;R&R;Team Lead;6;0,8;1440;14-3-2007
Hessel;van der Linden;55211912;18-12-1949;Teylingen;R&R;Administratief Medewerker;6;0,8;1440;10-1-2004
Theofiel;Hendriks;60703695;3-3-1940;Urk;Operatie;Stagair;9;1;2700;10-6-1998,
Wilhelmina;Hoekstra;19972103;29-9-1976;Aalsmeer;Operatie;Chauffeur;12;0,4;1440;29-9-2005
Mohammed;van den Velden;99596733;13-2-1954;Smart City;Operatie;Interieurverzorger;7;0,8;1680;2-7-2012
Jo;van der Pol;84616301;15-9-1942;Rheden;Operatie;Chauffeur;12;1;3600;19-9-2003,
Pierre;van Dijk;34780996;22-11-1970;Haarlemmermeer;R&R;Administratief Medewerker;12;0,6;2160;12-5-1996
Anneke;de Bruin;90712641;25-11-1964;Mook en Middelaar;Management;Administratief Medewerker;11;0,6;1980;1-1-2011
Harco;Meijer;49943812;11-5-1956;Voorschoten;Communicatie;Chauffeur;7;0,6;1260;26-9-1996
Froukje;Bosch;43720155;29-8-1987;Midden-Delfland;Operatie;Stagair;6;1;1800;9-1-2001,
Saskia;van Doorn;91465655;26-6-1969;Nieuwegein;R&R;Monteur;6;0,8;1440;27-12-2016
Sjoerdtje;Willems;43245368;11-7-2006;De Wolden;Operatie;Chauffeur;6;0,8;1440;19-12-2015
Marnix;Kuiper;69402872;18-9-1970;Epe;R&R;Chauffeur;12;0,4;1440;28-12-2009
Rudi;Postma;17430597;8-5-1958;Smart City;R&R;Manager;11;0,8;2640;3-3-2000
Nellie;van de Meer;79629555;19-10-1934;Smart City;Communicatie;Chauffeur;6;0,8;1440;16-4-2000
Janos;van de Velde;93706011;25-1-1969;Oosterhout;Communicatie;Chauffeur;11;1;3300;7-1-2017,
Juust;Kuypers;33190607;9-2-1978;Smart City;Management;Monteur;12;0,6;2160;12-2-2013
Elja;van den Heuvel;68085550;5-7-2005;Smart City;R&R;Administratief Medewerker;9;1;2700;15-11-1999,
Jolijn;Kok;32615789;10-7-1995;Nunspeet;Verkoop;Stagair;7;0,4;840;9-1-2009
Roland;van de Pol;34780718;24-7-1965;Beemster;R&R;Team Lead;11;0,8;2640;8-4-2005
Nick;Post;17524081;18-11-1931;Weert;Verkoop;Interieurverzorger;6;1;1800;1-9-2007,
Hendrik;Gerritsen;52352837;21-7-1991;Zwolle;Management;Chauffeur;6;0,6;1080;1-2-2013
Mijndert;van den Velde;37668854;21-5-1927;Beuningen;Operatie;Chauffeur;12;0,6;2160;2-6-2009
Emmanuel;van der Horst;54696022;23-12-1930;Oirschot;Operatie;Chauffeur;7;0,4;840;8-6-2006
Matty;Sanders;38944348;9-9-1983;Venlo;Management;Chauffeur;7;0,6;1260;13-9-2001
Stef;de Bruin;53408661;12-5-1958;Epe;R&R;Chauffeur;8;0,6;1440;20-9-2014
Annelies;Bos;79773455;24-6-2001;Veenendaal;Communicatie;Chauffeur;8;0,4;960;12-6-1998
Jouke;van der Linden;74119239;23-7-1943;Hilvarenbeek;R&R;Chauffeur;7;1;2100;9-10-2010,
Knut;de Bruyn;30934789;25-2-1942;Rotterdam;Management;Stagair;6;0,6;1080;16-10-2012
Inez;Jansen;56550557;21-3-1947;Veldhoven;R&R;Assistent;6;0,6;1080;1-2-1997
Chantal;de Haan;78196036;20-9-1937;Alblasserdam;Communicatie;Team Lead;8;1;2400;10-1-1996,
Anniek;Kuiper;60695759;25-6-1948;Rijssen-Holten;Management;Administratief Medewerker;10;1;3000;24-11-2009,
Splinter;Kuiper;21186834;28-1-2013;Smart City;Management;Chauffeur;9;0,4;1080;23-12-2006
Maya;Wolters;21981590;9-9-1964;Bladel;Management;Monteur;11;0,8;2640;16-8-2016
Aart;van Dam;44761844;22-9-1947;Bunnik;Verkoop;Chauffeur;12;0,6;2160;30-5-2000
Jerold;de Boer;48531375;20-3-1939;Haaren;Communicatie;Chauffeur;7;0,6;1260;12-4-2000
Kenzo;van den Pol;41689263;10-2-1989;Baarn;R&R;Interieurverzorger;8;0,4;960;11-9-2010
Ovidius;Maas;21254709;4-5-1942;Weert;R&R;Team Lead;7;1;2100;12-1-2013,
Devi;de Haan;11493103;25-2-1974;Hendrik-Ido-Ambacht;Operatie;Administratief Medewerker;7;0,6;1260;22-11-2010
Ramses;van der Wal;39032027;27-7-1934;Bergen;Operatie;Administratief Medewerker;8;0,4;960;6-5-2013
Jarich;Bos;67156233;11-6-1946;Uithoorn;R&R;Team Lead;12;1;3600;27-11-2013,
Rob;de Vries;73555158;14-1-1930;Deventer;Management;Team Lead;12;1;3600;1-11-2014,
Sanna;Huisman;42968885;13-6-1953;Smart City;Verkoop;Team Lead;6;1;1800;17-10-2004,
Runar;van der Velden;27508146;2-12-2001;Smart City;Verkoop;Interieurverzorger;12;0,4;1440;30-8-2009
Idsert;Verhoeven;37746309;14-5-1992;Berg en Dal;Communicatie;Stagair;12;0,4;1440;14-8-2015
Camiel;van de Velden;34308837;18-12-1933;Wassenaar;Management;Team Lead;8;0,4;960;3-10-1999
Simone;Post;17772775;3-7-1988;Veenendaal;R&R;Chauffeur;12;0,6;2160;3-6-2008
Jerold;Koning;55648806;11-2-2009;Zoetermeer;Verkoop;Monteur;6;0,4;720;8-5-2005
Pablo;van Loon;34815388;14-4-1990;Waalre;Verkoop;Stagair;9;0,4;1080;12-1-2006
Sjerp;Vink;61459780;27-2-1954;Rozendaal;Management;Monteur;12;0,6;2160;3-7-1996
Nino;Maas;44730224;9-2-1948;Smart City;Operatie;Chauffeur;7;0,8;1680;15-2-2015
Rodrigo;Willems;22672343;30-12-1983;Wijdemeren;Communicatie;Monteur;7;1;2100;16-4-2000,
Noëlla;Willems;84255647;10-12-1938;Enkhuizen;Management;Administratief Medewerker;7;0,4;840;1-8-2008
Naomi;Willems;38511815;3-1-2013;Rhenen;Management;Administratief Medewerker;10;0,4;1200;6-7-2003
Pedro;Bakker;74229324;1-9-2003;Zwijndrecht;Verkoop;Chauffeur;6;0,8;1440;6-7-1998
Rutger;Kuiper;56620591;13-4-2013;Smart City;Verkoop;Interieurverzorger;7;0,6;1260;5-2-1998
Olkanson;Schouten;65378152;31-1-1994;Midden-Delfland;Verkoop;Assistent;9;0,6;1620;11-11-2014
Marnix;de Jong;60643813;5-5-1938;Sluis;Verkoop;Chauffeur;10;0,6;1800;6-6-1998
Hakan;de Jong;22078888;18-3-2000;Smart City;Communicatie;Administratief Medewerker;11;0,4;1320;2-11-2010
Leon;van der Velde;53907993;16-1-1953;Smart City;R&R;Team Lead;11;0,6;1980;21-12-2008
Jelle;Visser;51117565;26-6-1963;Deurne;Verkoop;Assistent;6;0,4;720;25-9-2004
Charles;van der Meulen;83732478;23-1-2003;Noardeast-Fryslân;Operatie;Monteur;11;1;3300;8-12-2004,
Barry;Brouwer;83568871;20-3-1967;Waterland;R&R;Administratief Medewerker;6;0,4;720;29-1-2013
Sytze;de Vos;32542353;4-11-2008;Veendam;Management;Team Lead;6;0,6;1080;27-8-2003
Sigyn;van der Heijden;21444724;7-12-1946;Vlieland;Communicatie;Assistent;12;0,4;1440;22-10-2015
Rogier;van der Velden;82687695;8-2-1970;Aalten;Verkoop;Team Lead;8;0,6;1440;14-12-2004
Naftali;Prins;51142701;14-5-1954;Veenendaal;Management;Team Lead;11;1;3300;7-5-2000,
Ivo;van der Velden;10303620;24-12-2014;Westerwolde;Management;Chauffeur;11;1;3300;30-8-2013,
Stef;van den Berg;93138575;17-6-1943;Rheden;Management;Interieurverzorger;11;1;3300;16-10-2006,
Dana;Kok;89441216;13-11-1946;Scherpenzeel;Communicatie;Team Lead;7;0,8;1680;25-1-2005
Selina;Evers;54620168;14-3-2011;Rucphen;R&R;Team Lead;9;0,4;1080;28-5-2016
Jos;Martens;12741301;3-4-2003;Leidschendam-Voorburg;Management;Chauffeur;8;0,8;1920;19-10-2014
Raief;van de Veen;31464981;21-2-2009;Smart City;R&R;Stagair;12;0,8;2880;5-1-1998
Micil;de Koning;29487926;30-12-1960;Waalwijk;R&R;Assistent;6;0,6;1080;23-12-2005
Mitchel;van de Veen;34594006;6-4-1969;Houten;R&R;Chauffeur;10;0,8;2400;14-10-1999
Paul;Dijkstra;49664105;19-7-1984;Venray;R&R;Assistent;7;0,6;1260;6-12-2016
Pleun;van de Pol;68402493;26-8-1992;Lingewaard;Management;Assistent;12;0,4;1440;3-5-2007
Feike;Scholten;36436126;14-11-1949;Ouder-Amstel;Management;Manager;7;0,6;1260;12-7-2002
Rodney;Kok;46739369;7-4-2009;Heerde;Operatie;Chauffeur;7;0,6;1260;26-2-2017
Aäron;Meijer;52611308;20-3-1994;Amstelveen;Communicatie;Interieurverzorger;10;0,8;2400;31-3-2002
Esmeralda;Meyer;72493516;30-4-1938;Amsterdam;Communicatie;Interieurverzorger;7;1;2100;24-4-2004,
Kalle;van Dongen;14200095;16-8-1928;Weststellingwerf;Communicatie;Stagair;9;0,6;1620;21-9-2011
Xavier;van der Velde;41331127;11-12-1953;Oss;Management;Assistent;8;0,4;960;26-8-1999
Hyltsje;Kok;80942197;3-3-1933;Smart City;R&R;Manager;9;0,4;1080;20-4-2010
Helen;van der Horst;47480610;21-3-1937;Westland;Management;Assistent;11;0,4;1320;22-5-2007
Sergei;de Groot;23630720;7-6-1927;Soest;Management;Chauffeur;6;0,8;1440;1-1-2014
Roman;de Graaf;55993564;20-7-1991;Apeldoorn;Management;Stagair;9;1;2700;4-2-1997,
Laurenz;Meyer;62918494;13-8-1958;Berg en Dal;Verkoop;Chauffeur;11;1;3300;11-12-2009,
Jay;Molenaar;84592410;2-2-1954;Bergen;Operatie;Interieurverzorger;8;0,4;960;2-2-1998
Julien;Smeets;22759022;21-2-1948;Lansingerland;R&R;Chauffeur;11;0,4;1320;15-5-1996
Noah;van Dam;15555403;9-6-1936;Westerkwartier;Operatie;Chauffeur;6;1;1800;12-12-2010,
Micha;de Jonge;19772982;15-3-1989;Smart City;Management;Chauffeur;8;1;2400;15-11-2005,
Rijk;Hendriks;55025806;13-3-1940;Veere;Management;Administratief Medewerker;8;0,6;1440;19-10-2012
Brandon;van de Wal;69706551;30-1-2000;Smart City;Verkoop;Chauffeur;11;0,8;2640;8-1-2002
Floor;Meijer;56559322;14-1-1968;Veenendaal;Management;Administratief Medewerker;12;0,6;2160;24-12-2008
Christianne;Sanders;33142342;20-5-1971;Smart City;Operatie;Team Lead;11;0,4;1320;3-3-2001
Anna;van Dongen;62923159;4-5-1972;Heumen;Communicatie;Chauffeur;12;0,6;2160;17-8-2007
Scato;Scholten;18229517;27-8-2003;Ameland;Operatie;Team Lead;6;0,4;720;12-5-2012
Andreas;Bos;67022157;3-2-1944;Tholen;Verkoop;Administratief Medewerker;9;1;2700;29-6-2006,
Jorin;van den Pol;34353439;1-8-2011;Hellendoorn;Management;Team Lead;11;1;3300;1-1-2017,
Marion;de Lange;35316726;17-4-1983;Veendam;Communicatie;Monteur;10;0,4;1200;22-12-2001
Aaltje;Jansen;28775821;29-6-1969;Roosendaal;Communicatie;Team Lead;8;0,8;1920;5-3-2012
Aleida;van de Velden;37153371;29-4-1966;Hardenberg;Verkoop;Manager;12;0,8;2880;30-10-2014
Matthias;Hermans;74754304;9-5-1996;De Ronde Venen;Management;Administratief Medewerker;6;0,6;1080;22-8-2008
Douwe;Schouten;94667319;17-8-1960;Smart City;Operatie;Stagair;6;1;1800;25-7-1996,
Koen;van de Velde;73631996;21-8-1972;Gennep;Communicatie;Monteur;7;0,4;840;20-12-2009
Magdalena;van den Broek;68188270;4-2-1958;Brielle;Verkoop;Stagair;12;0,8;2880;11-3-1997
Mitchell;Huisman;67332898;13-3-1988;Oldenzaal;Operatie;Monteur;12;0,8;2880;2-11-1998
Nele;Hoekstra;73252527;21-4-1948;Beverwijk;Operatie;Monteur;10;1;3000;19-11-2003,
Sami;Hermans;98088210;3-10-1959;Venray;R&R;Chauffeur;6;0,6;1080;3-3-2006
Kristan;Vos;15707989;17-9-1934;Berkelland;Verkoop;Monteur;11;0,4;1320;7-6-2017
Lorenz;Timmermans;73820422;16-4-1988;Smart City;Operatie;Chauffeur;7;0,4;840;12-10-2001
Lindsey;Meijer;71365950;25-12-1948;Nijmegen;R&R;Assistent;11;1;3300;23-5-2012,
Koenraad;Kuiper;81101406;3-11-1934;Alblasserdam;R&R;Chauffeur;11;1;3300;11-2-1998,
Marga;Peeters;10000022;19-12-1999;Aalten;Verkoop;Assistent;7;0,6;1260;3-11-2015
Lindsey;Kuypers;81734181;24-4-1979;Heusden;Operatie;Interieurverzorger;7;0,4;840;12-6-2012
Ida;Koning;54430856;10-4-1945;Bunnik;Communicatie;Team Lead;9;1;2700;6-8-2008,
Mick;de Bruijn;58284559;3-11-1961;Venlo;Verkoop;Monteur;11;0,8;2640;18-9-2011
Nikki;Schouten;33510639;9-5-1952;Oost Gelre;Operatie;Chauffeur;9;0,4;1080;4-9-2002
Thijs;Huisman;29000973;6-1-1931;Boxtel;Verkoop;Chauffeur;10;0,4;1200;15-9-2000
Elwin;van de Brink;33182105;9-3-1969;Tilburg;Communicatie;Chauffeur;6;0,8;1440;28-1-2005
Joost;Visser;32855356;6-7-1945;Oude IJsselstreek;Operatie;Monteur;8;0,8;1920;11-12-2011
Olav;van Dam;31454513;3-12-1930;Midden-Drenthe;Operatie;Administratief Medewerker;10;0,4;1200;24-4-2006
Mats;de Lange;34069903;16-10-1942;Waalwijk;Operatie;Chauffeur;11;0,4;1320;28-4-2013
Brent;Veenstra;66199852;14-5-1970;Druten;Operatie;Administratief Medewerker;8;0,6;1440;23-2-2016
Henrieke;Sanders;94079791;6-2-1958;Bergen;Management;Monteur;7;0,6;1260;17-1-2007
Martina;van Dongen;80223415;19-11-2005;Hoogeveen;Operatie;Chauffeur;12;0,4;1440;20-9-2007
Roan;Koning;84642308;29-9-1982;Zuidplas;Communicatie;Team Lead;8;0,8;1920;20-10-1999
Jetske;Evers;65976013;19-9-1928;Ede;R&R;Chauffeur;10;0,8;2400;16-8-2000
Hayley;de Haan;52131774;20-11-1969;Maasdriel;Communicatie;Manager;9;0,8;2160;7-3-2009
Silvia;Vos;90130391;19-7-1943;Asten;Communicatie;Interieurverzorger;11;0,4;1320;19-7-2014
Randal;van den Bosch;37384959;7-3-1952;Delfzijl;Communicatie;Monteur;11;0,8;2640;8-2-2008
Hermien;van de Ven;53515247;8-5-2002;Hoeksche Waard;Operatie;Assistent;9;0,6;1620;21-10-2012
Kyra;Wolters;29030385;6-1-1963;Schouwen-Duiveland;Management;Chauffeur;7;0,8;1680;22-11-1995
Rico;van den Velden;23068852;27-8-1985;Hollands Kroon;Verkoop;Chauffeur;7;1;2100;13-7-2010,
Jesse;van de Velde;67664006;27-4-1957;Amsterdam;R&R;Manager;9;0,6;1620;7-5-2017
Melissa;van der Heijden;28363737;7-5-1964;Goirle;Communicatie;Stagair;7;0,6;1260;30-7-2000
Victoria;van den Berg;38571515;30-12-1992;Zundert;Verkoop;Stagair;9;0,4;1080;11-11-2008
Milou;Smits;92997650;21-7-1945;Smart City;Verkoop;Chauffeur;7;0,8;1680;14-6-2015
Jerold;Blom;91922900;21-11-1955;Bunschoten;Verkoop;Stagair;8;0,4;960;19-12-2002
Florence;de Ruiter;26605349;11-3-1981;Oosterhout;Management;Chauffeur;11;0,4;1320;18-11-2014
Aron;van der Heyden;14049252;5-4-1997;Leusden;Operatie;Chauffeur;9;1;2700;22-4-2014,
Bob;van den Heuvel;17113526;22-7-2001;Dantumadeel;Management;Assistent;7;0,6;1260;19-1-2013
Lynn;van Vliet;71798242;5-11-1931;Purmerend;Communicatie;Chauffeur;6;0,4;720;25-11-2002
Hakan;Meyer;66491668;2-6-1992;Achtkarspelen;Management;Administratief Medewerker;10;1;3000;24-5-2004,
Olivia;de Jong;82859149;10-9-1962;Veendam;Verkoop;Chauffeur;10;0,4;1200;16-7-2011
Has;van der Laan;86218979;10-10-2005;Brunssum;Verkoop;Team Lead;7;1;2100;4-4-2017,
Ester;de Jonge;50790782;14-2-1933;Kampen;Management;Assistent;12;0,4;1440;19-5-2001
Dion;van de Wal;10559582;21-11-2006;Beesel;Operatie;Monteur;9;0,8;2160;25-12-1998
Linde;Hofman;64370943;7-9-1990;Arnhem;Verkoop;Chauffeur;6;0,6;1080;5-3-1999
Madelief;van der Velde;59661058;28-7-1996;Horst aan de Maas;R&R;Chauffeur;11;0,4;1320;28-11-2002
Virginia;Smits;14232417;4-12-1960;Smart City;Operatie;Chauffeur;6;0,6;1080;17-7-2001
Willie;de Haan;43656735;23-10-1946;Castricum;R&R;Interieurverzorger;10;0,8;2400;9-8-1999
Jentsje;Postma;79489524;20-11-1942;Appingedam;Communicatie;Chauffeur;7;1;2100;15-10-1996,
Geertruida;Jansen;39181629;28-2-2002;Leusden;Management;Chauffeur;12;0,6;2160;28-1-1998
Ischa;van der Wal;84669077;1-1-1996;Sint-Michielsgestel;Management;Manager;9;0,4;1080;12-6-2017
Vladimir;van der Laan;35422222;25-6-1956;Boxmeer;R&R;Monteur;7;0,6;1260;20-2-2017
Beau;van der Berg;41964165;18-7-1994;Den Helder;R&R;Chauffeur;12;0,4;1440;11-10-2004
Aafke;Jacobs;88419744;10-5-1928;Loon op Zand;R&R;Interieurverzorger;7;0,4;840;27-7-1996
Daisy;van der Horst;88108926;12-1-2014;Leeuwarden;R&R;Chauffeur;7;0,6;1260;23-11-2013
Serafim;Schipper;80331814;14-10-1929;Boxtel;Management;Team Lead;12;0,4;1440;12-4-2014
Yolanda;Kuipers;27516902;12-12-2005;Bladel;Verkoop;Stagair;8;1;2400;11-2-2010,
Miles;Koster;46302813;30-6-1976;Schagen;Operatie;Manager;10;0,4;1200;7-6-2008
Simone;Bos;75864087;2-6-1948;Son en Breugel;Operatie;Assistent;12;0,6;2160;26-11-2016
Olkanson;van Leeuwen;97122628;2-4-1938;Dronten;Verkoop;Assistent;12;1;3600;20-6-2015,
Maurice;Peeters;79972858;16-11-1947;Coevorden;Operatie;Manager;7;1;2100;7-8-2007,
Mariëlle;Peters;35273195;6-10-1927;Gemert-Bakel;Management;Interieurverzorger;7;1;2100;25-7-2009,
Marjolein;Mol;80073234;13-2-1941;Smart City;Communicatie;Monteur;10;0,6;1800;2-8-2004
Helmut;Visser;75086925;21-12-1951;Smart City;Communicatie;Assistent;7;1;2100;21-1-1997,
Samson;Peeters;71086928;27-1-1989;Smart City;Management;Administratief Medewerker;11;0,4;1320;16-3-2001
Joep;van den Heuvel;84433744;11-7-1930;Smart City;R&R;Chauffeur;10;0,6;1800;24-5-1998
Jan Jaap;Koster;19238511;23-4-1940;Zevenaar;R&R;Chauffeur;6;0,4;720;17-12-2006
Jantine;van de Veen;57270757;11-12-1963;Smart City;Verkoop;Chauffeur;10;0,4;1200;21-6-2005
